{"type":"FeatureCollection","features":[{"type":"Feature","id":"communes.A01001","properties":{"fid":"communes.A01001","commune":"Ago\u00e8-Nyiv\u00e9 1"},"geometry":{"type":"Polygon","coordinates":[[[1.24599202,6.2308742],[1.23553594,6.20618031],[1.20924156,6.20464777],[1.20798669,6.19410231],[1.17853324,6.20614319],[1.17995622,6.21819817],[1.15625259,6.23328598],[1.1611867,6.25461198],[1.17106183,6.265695],[1.20372297,6.25588307],[1.24599202,6.2308742]]]}},{"type":"Feature","id":"communes.A01002","properties":{"fid":"communes.A01002","commune":"Ago\u00e8-Nyiv\u00e9 2"},"geometry":{"type":"Polygon","coordinates":[[[1.16556941,6.30456787],[1.18390273,6.29737427],[1.15317877,6.23009769],[1.12935835,6.26420011],[1.13340239,6.28280514],[1.16556941,6.30456787]]]}},{"type":"Feature","id":"communes.A01003","properties":{"fid":"communes.A01003","commune":"Ago\u00e8-Nyiv\u00e9 3"},"geometry":{"type":"Polygon","coordinates":[[[1.17770632,6.21553496],[1.17853324,6.20614319],[1.16473571,6.21225529],[1.16165846,6.20758051],[1.15256438,6.21498717],[1.15317877,6.23009769],[1.16289828,6.23290382],[1.17770632,6.21553496]]]}},{"type":"Feature","id":"communes.A01004","properties":{"fid":"communes.A01004","commune":"Ago\u00e8-Nyiv\u00e9 4"},"geometry":{"type":"Polygon","coordinates":[[[1.19213572,6.29857581],[1.20468526,6.28362348],[1.22657672,6.28307127],[1.2346364,6.27291726],[1.24595234,6.27468943],[1.25768289,6.25731155],[1.24603094,6.23096941],[1.20372297,6.25588307],[1.17106183,6.265695],[1.18391132,6.2973936],[1.19213572,6.29857581]]]}},{"type":"Feature","id":"communes.A01005","properties":{"fid":"communes.A01005","commune":"Ago\u00e8-Nyiv\u00e9 5"},"geometry":{"type":"Polygon","coordinates":[[[1.15256438,6.21498717],[1.0935212,6.22841937],[1.09756035,6.24562936],[1.09307637,6.26890384],[1.13340239,6.28280514],[1.12935835,6.26420011],[1.15516545,6.22711063],[1.15256438,6.21498717]]]}},{"type":"Feature","id":"communes.A01006","properties":{"fid":"communes.A01006","commune":"Ago\u00e8-Nyiv\u00e9 6"},"geometry":{"type":"Polygon","coordinates":[[[1.25675526,6.30983169],[1.24905333,6.27016578],[1.2346364,6.27291726],[1.22657672,6.28307127],[1.20468526,6.28362348],[1.18906967,6.30833652],[1.20507145,6.3594561],[1.2263048,6.36158066],[1.23326151,6.35429818],[1.24892602,6.35345692],[1.25675526,6.30983169]]]}},{"type":"Feature","id":"communes.A06022","properties":{"fid":"communes.A06022","commune":"Vo 1"},"geometry":{"type":"Polygon","coordinates":[[[1.44624298,6.34424628],[1.46546196,6.36253732],[1.4692337,6.39053165],[1.49448574,6.40051762],[1.52288869,6.39577156],[1.54030284,6.4051236],[1.5539326,6.38402749],[1.54535186,6.37558033],[1.56574285,6.38017675],[1.56941922,6.40564133],[1.57612174,6.40769632],[1.59966979,6.39875934],[1.60527674,6.39047978],[1.60643653,6.35704564],[1.59353427,6.34976952],[1.59913024,6.31097165],[1.5863098,6.29653838],[1.56176424,6.28516462],[1.53294199,6.28427325],[1.50214259,6.26806724],[1.44807448,6.32987466],[1.44624298,6.34424628]]]}},{"type":"Feature","id":"communes.A06023","properties":{"fid":"communes.A06023","commune":"Vo 2"},"geometry":{"type":"Polygon","coordinates":[[[1.58029074,6.24585377],[1.45191662,6.22386679],[1.39866981,6.26748968],[1.47735127,6.29238672],[1.50214259,6.26806724],[1.53294199,6.28427325],[1.56176424,6.28516462],[1.56795947,6.26342084],[1.58321729,6.2529664],[1.58029074,6.24585377]]]}},{"type":"Feature","id":"communes.A02007","properties":{"fid":"communes.A02007","commune":"Av\u00e9 1"},"geometry":{"type":"Polygon","coordinates":[[[0.98766873,6.54547828],[0.99761266,6.55090455],[1.01185485,6.52481458],[1.01846712,6.52837587],[1.03271017,6.5177773],[1.06017699,6.48672656],[1.05454919,6.47500093],[1.08098609,6.46477229],[1.0749275,6.44882325],[1.078698,6.43762321],[1.04420851,6.43580841],[1.02101791,6.44491165],[0.9687379,6.4357853],[0.96647227,6.42325454],[0.97778476,6.41692988],[0.97692145,6.39731134],[0.96006512,6.36029477],[0.96132051,6.33479956],[0.89313081,6.33469535],[0.88507155,6.3545526],[0.85538498,6.38664812],[0.83500443,6.39853093],[0.78851104,6.41026326],[0.78210696,6.43456997],[0.74875323,6.44586741],[0.74378654,6.48309898],[0.72692004,6.49009639],[0.71569815,6.52304952],[0.75340378,6.54032775],[0.82922469,6.59334166],[0.84244989,6.62460946],[0.8784751,6.6590371],[0.89473436,6.7109231],[0.92736027,6.68722198],[0.95155998,6.67915735],[0.96598242,6.65972537],[0.96802195,6.63718716],[0.98225938,6.63368943],[0.98445532,6.61521177],[0.9952465,6.61116967],[0.98016083,6.60058548],[0.97262319,6.5767954],[0.98289299,6.56853083],[0.97625933,6.54889213],[0.98766873,6.54547828]]]}},{"type":"Feature","id":"communes.A06024","properties":{"fid":"communes.A06024","commune":"Vo 3"},"geometry":{"type":"Polygon","coordinates":[[[1.57180284,6.45733554],[1.60527674,6.39047978],[1.58125481,6.40849732],[1.56941922,6.40564133],[1.57167303,6.39370719],[1.55955474,6.3762835],[1.54535186,6.37558033],[1.5539326,6.38402749],[1.54030284,6.4051236],[1.52288869,6.39577156],[1.49448574,6.40051762],[1.47110571,6.3911377],[1.46749164,6.3939597],[1.48311095,6.41920486],[1.46648362,6.44482833],[1.47394134,6.46498188],[1.40476603,6.49728055],[1.4419486,6.56052596],[1.52398299,6.56924203],[1.55824547,6.49485651],[1.57834117,6.48847488],[1.57149997,6.47570195],[1.57180284,6.45733554]]]}},{"type":"Feature","id":"communes.A02008","properties":{"fid":"communes.A02008","commune":"Av\u00e9 2"},"geometry":{"type":"Polygon","coordinates":[[[1.0825318,6.18574008],[1.06250231,6.22200134],[1.03661216,6.23708076],[1.01643994,6.26916538],[1.00685331,6.29538452],[1.00484591,6.3330336],[0.96132266,6.33479023],[0.96006512,6.36029477],[0.97692145,6.39731134],[0.97778476,6.41692988],[0.96647227,6.42325454],[0.9687379,6.4357853],[1.02101791,6.44491165],[1.04420851,6.43580841],[1.07761282,6.43517098],[1.07704196,6.42379315],[1.09574613,6.4209066],[1.10014432,6.4146333],[1.09831497,6.39259027],[1.10334654,6.38695965],[1.09427833,6.38223574],[1.09776159,6.37653624],[1.04390634,6.39441894],[1.02932654,6.39126214],[1.03073749,6.38072088],[1.05126431,6.36408046],[1.03016541,6.34286765],[1.03180231,6.33271073],[1.01396695,6.33006574],[1.01635868,6.32549693],[1.04084858,6.32671349],[1.05687985,6.30681198],[1.08671156,6.29350488],[1.09756035,6.24562936],[1.0825318,6.18574008]]]}},{"type":"Feature","id":"communes.A03009","properties":{"fid":"communes.A03009","commune":"Bas-Mono 1"},"geometry":{"type":"Polygon","coordinates":[[[1.62504597,6.40811733],[1.59384961,6.4076494],[1.58685075,6.41839427],[1.57180284,6.45733554],[1.57149997,6.47570195],[1.57834117,6.48847488],[1.55824547,6.49485651],[1.52398299,6.56924203],[1.58442259,6.58759552],[1.650458,6.58058267],[1.65392177,6.57370891],[1.6645818,6.57992543],[1.66696622,6.57459593],[1.65727284,6.57258946],[1.66817534,6.56458912],[1.66940917,6.55523605],[1.68012861,6.56288975],[1.68591414,6.55072115],[1.6971171,6.55323052],[1.69262332,6.54562642],[1.70158205,6.53725734],[1.70224658,6.51272385],[1.69161201,6.51846281],[1.69369745,6.50314694],[1.70218039,6.50470029],[1.70186971,6.48849922],[1.72905706,6.46496702],[1.74626825,6.41801914],[1.76924751,6.41739728],[1.76473067,6.4063944],[1.77582517,6.40604695],[1.76743804,6.3957918],[1.77361535,6.3860559],[1.74412518,6.38792914],[1.74315809,6.4054704],[1.72661824,6.43632903],[1.72498971,6.46429467],[1.70241543,6.48420005],[1.67246428,6.48954086],[1.63381697,6.45951902],[1.6458301,6.43583432],[1.62504597,6.40811733]]]}},{"type":"Feature","id":"communes.A03010","properties":{"fid":"communes.A03010","commune":"Bas-Mono 2"},"geometry":{"type":"MultiPolygon","coordinates":[[[[1.70995194,6.39002272],[1.70881759,6.37696382],[1.65615332,6.36993189],[1.64704607,6.3607009],[1.60742822,6.36121069],[1.60527674,6.39047978],[1.59384961,6.4076494],[1.62504597,6.40811733],[1.6458301,6.43583432],[1.63381697,6.45951902],[1.67246428,6.48954086],[1.70241543,6.48420005],[1.72498971,6.46429467],[1.72661824,6.43632903],[1.74315809,6.4054704],[1.74412518,6.38792914],[1.70995194,6.39002272]]],[[[1.76924751,6.41739728],[1.74626825,6.41801914],[1.72905706,6.46496702],[1.70186971,6.48849922],[1.71118357,6.50354942],[1.71952761,6.49123881],[1.72138708,6.50034469],[1.73034832,6.50143017],[1.72500449,6.48791541],[1.7380996,6.48503141],[1.73061033,6.47619973],[1.75193995,6.47421299],[1.7458237,6.4626385],[1.75797649,6.45980624],[1.75520659,6.44415054],[1.77864098,6.42579108],[1.77122861,6.42454239],[1.76924751,6.41739728]]]]}},{"type":"Feature","id":"communes.A06025","properties":{"fid":"communes.A06025","commune":"Vo 4"},"geometry":{"type":"Polygon","coordinates":[[[1.44418553,6.34137086],[1.44807448,6.32987466],[1.47735127,6.29238672],[1.39866981,6.26748968],[1.37865639,6.29259835],[1.38692016,6.30624209],[1.37995688,6.31079035],[1.38164898,6.32650658],[1.37514132,6.33254928],[1.38449635,6.3780384],[1.36765806,6.39874342],[1.36806542,6.42894226],[1.37392025,6.44098321],[1.36610033,6.449777],[1.38418365,6.46226496],[1.40476603,6.49728055],[1.47394134,6.46498188],[1.46648362,6.44482833],[1.48311095,6.41920486],[1.46749164,6.3939597],[1.46546196,6.36253732],[1.44418553,6.34137086]]]}},{"type":"Feature","id":"communes.A04014","properties":{"fid":"communes.A04014","commune":"Golfe 4"},"geometry":{"type":"Polygon","coordinates":[[[1.20129033,6.14934579],[1.21838032,6.14947483],[1.22212217,6.13691303],[1.23003532,6.14947486],[1.23663457,6.14846404],[1.23091394,6.13581297],[1.23825221,6.12579633],[1.19816457,6.11177299],[1.19826709,6.16746082],[1.20742081,6.16030097],[1.20192971,6.15934217],[1.20129033,6.14934579]]]}},{"type":"Feature","id":"communes.A04015","properties":{"fid":"communes.A04015","commune":"Golfe 5"},"geometry":{"type":"Polygon","coordinates":[[[1.15256438,6.21498717],[1.16165846,6.20758051],[1.16473571,6.21225529],[1.18999983,6.20567159],[1.20798669,6.19410231],[1.20243391,6.16722521],[1.18940693,6.16785107],[1.16395674,6.18401127],[1.14492015,6.20379086],[1.15256438,6.21498717]]]}},{"type":"Feature","id":"communes.A04016","properties":{"fid":"communes.A04016","commune":"Golfe 6"},"geometry":{"type":"Polygon","coordinates":[[[1.38386342,6.20688616],[1.37895831,6.18816458],[1.38291354,6.17718727],[1.29814621,6.14998607],[1.30409785,6.15754051],[1.2946579,6.19479133],[1.30487217,6.20180495],[1.29006455,6.21667467],[1.30792378,6.20296794],[1.30891949,6.19464161],[1.3284637,6.20353236],[1.35251103,6.19806908],[1.38386342,6.20688616]]]}},{"type":"Feature","id":"communes.A04017","properties":{"fid":"communes.A04017","commune":"Golfe 7"},"geometry":{"type":"Polygon","coordinates":[[[1.14492015,6.20379086],[1.18940693,6.16785107],[1.08248805,6.16799486],[1.0935212,6.22841937],[1.15039186,6.21283592],[1.14492015,6.20379086]]]}},{"type":"Feature","id":"communes.A07026","properties":{"fid":"communes.A07026","commune":"Yoto 1"},"geometry":{"type":"Polygon","coordinates":[[[1.52397679,6.56924026],[1.4419486,6.56052596],[1.42798583,6.56512119],[1.4489209,6.62359921],[1.39206763,6.6380907],[1.35832845,6.65569396],[1.35731035,6.68599993],[1.36640945,6.69336627],[1.35095217,6.73926109],[1.3069393,6.74852154],[1.2884173,6.74379964],[1.25294343,6.75630798],[1.30444789,6.805269],[1.39526558,6.85675341],[1.43661829,6.85820475],[1.46512016,6.85135823],[1.46712346,6.82728997],[1.45813307,6.79975005],[1.47511038,6.77528482],[1.49349747,6.77828644],[1.50137652,6.77551137],[1.50057715,6.76855855],[1.48214229,6.76547266],[1.46989265,6.74554881],[1.41481939,6.72606715],[1.40674178,6.7159054],[1.4584165,6.67948542],[1.46182715,6.6631243],[1.51197584,6.65315267],[1.55216709,6.66322585],[1.56111037,6.65713092],[1.54382225,6.63118029],[1.54823004,6.61890686],[1.55391974,6.62144187],[1.56548927,6.60698785],[1.59696328,6.60375952],[1.59836953,6.59702731],[1.61219926,6.59203172],[1.63780781,6.5923287],[1.64646628,6.58062189],[1.58442259,6.58759552],[1.52397679,6.56924026]]]}},{"type":"Feature","id":"communes.A05018","properties":{"fid":"communes.A05018","commune":"Lacs 1"},"geometry":{"type":"Polygon","coordinates":[[[1.63683769,6.23629932],[1.56714716,6.22114432],[1.56158174,6.24147471],[1.57559573,6.24314929],[1.58321729,6.2529664],[1.56795947,6.26342084],[1.56176424,6.28516462],[1.56933397,6.29177775],[1.5863098,6.29653838],[1.59207331,6.28675835],[1.61321567,6.28253716],[1.61410443,6.26976752],[1.63367558,6.25888011],[1.65167629,6.26476274],[1.65761299,6.25976685],[1.65544061,6.25055045],[1.64525471,6.24456091],[1.63561634,6.24774295],[1.63683769,6.23629932]]]}},{"type":"Feature","id":"communes.A05019","properties":{"fid":"communes.A05019","commune":"Lacs 2"},"geometry":{"type":"Polygon","coordinates":[[[1.77708115,6.28578112],[1.76715785,6.27289159],[1.74698343,6.27298656],[1.73105213,6.26327968],[1.6811249,6.25653388],[1.67461925,6.2510063],[1.65898745,6.24904867],[1.65761299,6.25976685],[1.64349404,6.26208887],[1.66708034,6.28603137],[1.69211541,6.29129699],[1.70594983,6.30852914],[1.68558686,6.33678626],[1.69275078,6.34689783],[1.68252855,6.37071435],[1.70881759,6.37696382],[1.70995194,6.39002272],[1.78465989,6.38267386],[1.78669816,6.35076216],[1.77976648,6.3440687],[1.79657938,6.32109077],[1.79507274,6.31093418],[1.78781159,6.30784912],[1.80840729,6.28706723],[1.8003316,6.28741354],[1.79545629,6.28021837],[1.77708115,6.28578112]]]}},{"type":"Feature","id":"communes.A05021","properties":{"fid":"communes.A05021","commune":"Lacs 4"},"geometry":{"type":"Polygon","coordinates":[[[1.63367558,6.25888011],[1.61410443,6.26976752],[1.61321567,6.28253716],[1.59207331,6.28675835],[1.5863098,6.29653838],[1.59913024,6.31097165],[1.59385701,6.35250967],[1.60742822,6.36121069],[1.64704607,6.3607009],[1.65615332,6.36993189],[1.68252855,6.37071435],[1.69275078,6.34689783],[1.68558686,6.33678626],[1.70594983,6.30852914],[1.69211541,6.29129699],[1.66708034,6.28603137],[1.63367558,6.25888011]]]}},{"type":"Feature","id":"communes.A07027","properties":{"fid":"communes.A07027","commune":"Yoto 2"},"geometry":{"type":"Polygon","coordinates":[[[1.4419486,6.56052596],[1.38418365,6.46226496],[1.36273319,6.45079533],[1.33872208,6.50463987],[1.30506332,6.53960499],[1.3103971,6.55810685],[1.29706246,6.59432902],[1.28974943,6.59789867],[1.28877433,6.60925672],[1.29478732,6.61461128],[1.29185218,6.63268504],[1.30621965,6.67174124],[1.30286402,6.68435613],[1.2900581,6.68334136],[1.26261986,6.69822157],[1.25880627,6.69460429],[1.25136957,6.70336197],[1.24367868,6.70202929],[1.24430917,6.71234776],[1.23951017,6.70892082],[1.22599974,6.71935918],[1.23292796,6.72703806],[1.24176298,6.72621301],[1.24391439,6.73339047],[1.23754407,6.74128904],[1.25294343,6.75630798],[1.2884173,6.74379964],[1.3069393,6.74852154],[1.35095217,6.73926109],[1.36640945,6.69336627],[1.35731035,6.68599993],[1.35832845,6.65569396],[1.39206763,6.6380907],[1.4489209,6.62359921],[1.42798583,6.56512119],[1.4419486,6.56052596]]]}},{"type":"Feature","id":"communes.A07028","properties":{"fid":"communes.A07028","commune":"Yoto 3"},"geometry":{"type":"Polygon","coordinates":[[[1.58802304,6.67350463],[1.60715795,6.66326056],[1.60666801,6.65228485],[1.61474726,6.65029868],[1.61140554,6.64345669],[1.60133439,6.64378795],[1.60640358,6.63166848],[1.60297606,6.62453483],[1.6110338,6.62563626],[1.60994324,6.61206717],[1.62295776,6.60098013],[1.63551646,6.59992343],[1.63780781,6.5923287],[1.61219926,6.59203172],[1.59836953,6.59702731],[1.59696328,6.60375952],[1.56548927,6.60698785],[1.55391974,6.62144187],[1.54823004,6.61890686],[1.54382225,6.63118029],[1.56111037,6.65713092],[1.55216709,6.66322585],[1.51197584,6.65315267],[1.46182715,6.6631243],[1.4584165,6.67948542],[1.40674178,6.7159054],[1.41481939,6.72606715],[1.46989265,6.74554881],[1.48214229,6.76547266],[1.50057715,6.76855855],[1.50137652,6.77551137],[1.49349747,6.77828644],[1.47511038,6.77528482],[1.45813307,6.79975005],[1.46712346,6.82728997],[1.46512016,6.85135823],[1.48055064,6.8476406],[1.50293523,6.87186505],[1.58220168,6.91027177],[1.60577786,6.90543618],[1.60659399,6.87879351],[1.59710374,6.86764899],[1.59799404,6.83045089],[1.61249088,6.82619614],[1.60212911,6.81847805],[1.59413233,6.79964987],[1.61057308,6.7942102],[1.61473836,6.78658351],[1.60923103,6.76903989],[1.62548603,6.76197447],[1.61586015,6.75316153],[1.62200528,6.73552852],[1.60342103,6.73220826],[1.59726557,6.72031736],[1.5976977,6.72750457],[1.59130719,6.72839142],[1.59264864,6.70185251],[1.5747318,6.68922703],[1.57999619,6.68298015],[1.58637782,6.68497015],[1.58802304,6.67350463]]]}},{"type":"Feature","id":"communes.A08029","properties":{"fid":"communes.A08029","commune":"Zio 1"},"geometry":{"type":"Polygon","coordinates":[[[1.37888669,6.29530093],[1.39136427,6.27354698],[1.39286511,6.23598348],[1.38386342,6.20688616],[1.35251103,6.19806908],[1.3284637,6.20353236],[1.30891949,6.19464161],[1.29522792,6.21576817],[1.28634664,6.21733557],[1.28136775,6.23858643],[1.24900461,6.26738548],[1.25675526,6.30983169],[1.24892602,6.35345692],[1.23326151,6.35429818],[1.2263048,6.36158066],[1.20507145,6.3594561],[1.18906967,6.30833652],[1.19213572,6.29857581],[1.18618546,6.29644391],[1.17539038,6.2970297],[1.15258423,6.31362293],[1.14854953,6.32776412],[1.1204772,6.35696554],[1.16836033,6.38654427],[1.17088407,6.40464187],[1.18709926,6.43501825],[1.17763081,6.44938247],[1.14268484,6.46305232],[1.11115237,6.45261777],[1.08696622,6.47107827],[1.06463076,6.46844252],[1.06211751,6.47488684],[1.05454919,6.47500093],[1.06017699,6.48672656],[1.03271017,6.5177773],[1.06633934,6.53718953],[1.14450986,6.55614721],[1.21794299,6.52607754],[1.3103971,6.55810685],[1.30506332,6.53960499],[1.33872208,6.50463987],[1.35529134,6.45953476],[1.37392025,6.44098321],[1.36806542,6.42894226],[1.36765806,6.39874342],[1.38449635,6.3780384],[1.37514132,6.33254928],[1.38164898,6.32650658],[1.37995688,6.31079035],[1.38692016,6.30624209],[1.37888669,6.29530093]]]}},{"type":"Feature","id":"communes.A08030","properties":{"fid":"communes.A08030","commune":"Zio 2"},"geometry":{"type":"Polygon","coordinates":[[[1.09307637,6.26890384],[1.08671156,6.29350488],[1.05687985,6.30681198],[1.04084858,6.32671349],[1.01390457,6.32756139],[1.03180231,6.33271073],[1.03016541,6.34286765],[1.05126431,6.36408046],[1.03073749,6.38072088],[1.02932654,6.39126214],[1.04390634,6.39441894],[1.09776159,6.37653624],[1.09427833,6.38223574],[1.10334654,6.38695965],[1.09831497,6.39259027],[1.10014432,6.4146333],[1.07601377,6.42687277],[1.07766159,6.46795135],[1.08696622,6.47107827],[1.11115237,6.45261777],[1.14268484,6.46305232],[1.17763081,6.44938247],[1.18709926,6.43501825],[1.17088407,6.40464187],[1.16836033,6.38654427],[1.1204772,6.35696554],[1.16556941,6.30456787],[1.13350626,6.28282152],[1.09307637,6.26890384]]]}},{"type":"Feature","id":"communes.A08031","properties":{"fid":"communes.A08031","commune":"Zio 3"},"geometry":{"type":"Polygon","coordinates":[[[0.88388893,6.83567345],[1.11463666,6.82709545],[1.10395629,6.81251965],[1.12085564,6.81323139],[1.16342985,6.7807262],[1.1859387,6.77314594],[1.23012512,6.73655928],[1.24055299,6.73740857],[1.24176298,6.72621301],[1.23292796,6.72703806],[1.22599974,6.71935918],[1.23951017,6.70892082],[1.24430917,6.71234776],[1.24615758,6.69993506],[1.25136957,6.70336197],[1.25880627,6.69460429],[1.26261986,6.69822157],[1.2900581,6.68334136],[1.30286402,6.68435613],[1.30621965,6.67174124],[1.29185218,6.63268504],[1.29478732,6.61461128],[1.28877433,6.60925672],[1.21525112,6.59907121],[1.14626045,6.62387234],[1.11727775,6.6274168],[1.09006776,6.64784167],[1.0929991,6.6659897],[1.04776865,6.68564527],[0.97421331,6.69024058],[0.97036448,6.70581593],[0.97488343,6.71757697],[0.89495613,6.72484584],[0.89674199,6.74999992],[0.88678748,6.77356538],[0.8893812,6.81849975],[0.88388893,6.83567345]]]}},{"type":"Feature","id":"communes.A08032","properties":{"fid":"communes.A08032","commune":"Zio 4"},"geometry":{"type":"Polygon","coordinates":[[[1.0133859,6.68459433],[1.0334625,6.68969827],[1.04776865,6.68564527],[1.0929991,6.6659897],[1.09006776,6.64784167],[1.11727775,6.6274168],[1.14626045,6.62387234],[1.21525112,6.59907121],[1.28877433,6.60925672],[1.30590397,6.56065572],[1.21794299,6.52607754],[1.14450986,6.55614721],[1.06633934,6.53718953],[1.03271017,6.5177773],[1.01846712,6.52837587],[1.01185485,6.52481458],[0.99761266,6.55090455],[0.98942985,6.54516182],[0.97544427,6.55150916],[0.98289299,6.56853083],[0.97262319,6.5767954],[0.97522632,6.5872448],[0.98016083,6.60058548],[0.9952465,6.61116967],[0.98445532,6.61521177],[0.98225938,6.63368943],[0.96802195,6.63718716],[0.96598242,6.65972537],[0.95155998,6.67915735],[0.92736027,6.68722198],[0.89473436,6.7109231],[0.89495613,6.72484584],[0.97488343,6.71757697],[0.97036448,6.70581593],[0.97421331,6.69024058],[1.0133859,6.68459433]]]}},{"type":"Feature","id":"communes.B01033","properties":{"fid":"communes.B01033","commune":"Agou 1"},"geometry":{"type":"Polygon","coordinates":[[[0.75106843,6.742305],[0.70074659,6.77054343],[0.68619257,6.78904552],[0.6688333,6.77967623],[0.67645438,6.80627991],[0.64860767,6.83936659],[0.64706388,6.85295327],[0.65976133,6.86781215],[0.71299185,6.8644696],[0.72892397,6.8968098],[0.7369172,6.94889314],[0.7316517,6.96326474],[0.74124205,6.99324416],[0.77742129,7.00505077],[0.78182865,6.99645226],[0.79793836,6.9919831],[0.79570202,6.97864945],[0.80796295,6.93356813],[0.82071082,6.92084339],[0.81700961,6.89398913],[0.82634293,6.88622173],[0.82383546,6.88129779],[0.84885525,6.89309794],[0.88728345,6.89928116],[0.88357505,6.83967981],[0.8893812,6.81849975],[0.88678748,6.77356538],[0.89279177,6.76116126],[0.85442264,6.75471588],[0.83624048,6.73567821],[0.80045438,6.72303633],[0.78939964,6.70125117],[0.76099319,6.72541434],[0.76540332,6.74087749],[0.75106843,6.742305]]]}},{"type":"Feature","id":"communes.B01034","properties":{"fid":"communes.B01034","commune":"Agou 2"},"geometry":{"type":"Polygon","coordinates":[[[0.83516978,6.60347655],[0.81381788,6.57780736],[0.71569009,6.5230441],[0.71684658,6.53760718],[0.74567414,6.56163967],[0.7393792,6.58369119],[0.72672949,6.59318977],[0.70814298,6.58714646],[0.69109294,6.59141931],[0.68449964,6.59746417],[0.69204127,6.59902971],[0.6733476,6.61424951],[0.66303949,6.60564356],[0.63767017,6.63032977],[0.64751763,6.68783023],[0.64075199,6.69961533],[0.65034137,6.73711429],[0.62959868,6.75017742],[0.64895158,6.75715835],[0.66741701,6.77116698],[0.6688333,6.77967623],[0.68619257,6.78904552],[0.70074659,6.77054343],[0.75106843,6.742305],[0.76540332,6.74087749],[0.76099319,6.72541434],[0.78939964,6.70125117],[0.80045438,6.72303633],[0.83624048,6.73567821],[0.85442264,6.75471588],[0.89279177,6.76116126],[0.89471039,6.70786942],[0.87859095,6.65931577],[0.84244989,6.62460946],[0.83516978,6.60347655]]]}},{"type":"Feature","id":"communes.B02035","properties":{"fid":"communes.B02035","commune":"Ak\u00e9bou 1"},"geometry":{"type":"Polygon","coordinates":[[[0.86103959,7.66902565],[0.86866384,7.66145694],[0.86588427,7.65713276],[0.82820544,7.63008557],[0.7712427,7.63614093],[0.74675265,7.62613779],[0.71017584,7.62674303],[0.67571744,7.63000998],[0.65997921,7.63964383],[0.66074599,7.65905656],[0.65156043,7.6880287],[0.63523073,7.71568558],[0.62219464,7.71991659],[0.61172087,7.7535528],[0.63105653,7.76810193],[0.62887994,7.79339561],[0.61737814,7.79639702],[0.61940063,7.83838289],[0.62735822,7.86332486],[0.61972621,7.90421108],[0.67755743,7.90275217],[0.70497713,7.85011797],[0.69933629,7.81180725],[0.71037832,7.7821599],[0.78586891,7.77203376],[0.79898052,7.77574465],[0.81169339,7.78960263],[0.82998594,7.77009799],[0.89087896,7.7544271],[0.88087215,7.70092193],[0.86103959,7.66902565]]]}},{"type":"Feature","id":"communes.B02036","properties":{"fid":"communes.B02036","commune":"Ak\u00e9bou 2"},"geometry":{"type":"Polygon","coordinates":[[[0.76151262,7.96384152],[0.80562137,7.9702414],[0.82530745,7.96244999],[0.83961911,7.9750534],[0.85344562,7.96385978],[0.88226258,7.96322534],[0.90201467,7.97506731],[0.93958136,7.97428179],[0.96471615,7.98649087],[0.97315717,7.97912336],[1.01696694,7.97088313],[1.04073924,7.9529781],[1.04855569,7.90218386],[1.07403339,7.88164874],[1.08010367,7.86036554],[1.04519117,7.8688813],[1.04152038,7.87728435],[0.98835611,7.86889115],[0.97062869,7.85816383],[0.96991243,7.86245477],[0.94039888,7.86057174],[0.93260962,7.86629299],[0.91130089,7.85592327],[0.8960785,7.8292586],[0.89988086,7.81985216],[0.89267966,7.800028],[0.89087896,7.7544271],[0.82998594,7.77009799],[0.81169339,7.78960263],[0.79898052,7.77574465],[0.78586891,7.77203376],[0.71037832,7.7821599],[0.69933629,7.81180725],[0.70497713,7.85011797],[0.67755743,7.90275217],[0.70221068,7.93146387],[0.76151262,7.96384152]]]}},{"type":"Feature","id":"communes.B07048","properties":{"fid":"communes.B07048","commune":"Haho 2"},"geometry":{"type":"Polygon","coordinates":[[[1.38823355,6.92980738],[1.33688183,6.88983388],[1.3144248,6.88204877],[1.26576792,6.90547894],[1.21411677,6.90488008],[1.1861952,6.91659516],[1.19772314,6.94504073],[1.19529037,6.96281836],[1.21778475,6.99669188],[1.26180051,7.02708372],[1.32370704,7.04317792],[1.31861678,7.11054899],[1.32475503,7.1195318],[1.33283956,7.12656833],[1.35125432,7.12581976],[1.37281306,7.14423452],[1.38344272,7.14273739],[1.38718556,7.1494745],[1.38254444,7.15800816],[1.38958097,7.16085272],[1.44271831,7.16297668],[1.44136554,7.12885702],[1.46155748,7.12218511],[1.46636747,7.11226294],[1.4616385,7.10124302],[1.4995848,7.10744452],[1.50784172,7.09170179],[1.57642323,7.0633635],[1.53392102,7.01955374],[1.53579758,7.01430618],[1.5532122,7.0134066],[1.56000513,6.9721045],[1.58027284,6.94003473],[1.58244266,6.9103753],[1.50293523,6.87186505],[1.48055064,6.8476406],[1.46124732,6.85229075],[1.41346028,6.93856562],[1.38823355,6.92980738]]]}},{"type":"Feature","id":"communes.B03037","properties":{"fid":"communes.B03037","commune":"Amou 1"},"geometry":{"type":"Polygon","coordinates":[[[0.93487468,7.39606718],[0.90582137,7.38638274],[0.8854541,7.3996614],[0.8797882,7.39456334],[0.83194188,7.39509419],[0.8525267,7.41680916],[0.85848461,7.44090604],[0.89106294,7.47641241],[0.95677183,7.50790809],[0.98299768,7.53715543],[0.99995623,7.54563274],[1.02673333,7.53202995],[1.02795637,7.49517667],[1.04502893,7.48222249],[1.02520454,7.41683381],[0.95661475,7.39606717],[0.93487468,7.39606718]]]}},{"type":"Feature","id":"communes.B03038","properties":{"fid":"communes.B03038","commune":"Amou 2"},"geometry":{"type":"Polygon","coordinates":[[[1.06255499,7.27547124],[1.06104296,7.24504861],[1.03552541,7.19571506],[1.00807363,7.25158013],[0.99779136,7.25440216],[0.98939662,7.29063735],[0.97652961,7.30004764],[0.95105747,7.29958133],[0.923313,7.28845701],[0.87926392,7.3038518],[0.80689097,7.28724914],[0.78451239,7.29119033],[0.79122762,7.32148293],[0.81806531,7.32775005],[0.82982161,7.3486878],[0.83794976,7.37355882],[0.83194188,7.39509419],[0.8797882,7.39456334],[0.8854541,7.3996614],[0.90582137,7.38638274],[0.92918383,7.3910752],[0.93435053,7.39836348],[0.95662193,7.39603375],[1.0252047,7.41679793],[1.03526353,7.44610084],[1.06158374,7.44840963],[1.07341473,7.4422695],[1.08329884,7.39749145],[1.10196884,7.39868952],[1.13674075,7.35753255],[1.1164932,7.3417718],[1.07815879,7.33160054],[1.06255499,7.27547124]]]}},{"type":"Feature","id":"communes.B09054","properties":{"fid":"communes.B09054","commune":"Kp\u00e9l\u00e9 1"},"geometry":{"type":"Polygon","coordinates":[[[0.90900815,6.92956412],[0.92581367,6.90565192],[0.84885525,6.89309794],[0.82383546,6.88129779],[0.82634293,6.88622173],[0.81700961,6.89398913],[0.82071082,6.92084339],[0.80796295,6.93356813],[0.79570202,6.97864945],[0.79793836,6.9919831],[0.78182865,6.99645226],[0.77742129,7.00505077],[0.75411575,7.00042142],[0.71780191,7.02335443],[0.68596994,7.07198342],[0.68454127,7.08194338],[0.69324844,7.08648034],[0.70224219,7.10860928],[0.69566172,7.12917266],[0.71383849,7.17060143],[0.81872898,7.13927078],[0.88018637,7.13582737],[0.93922955,7.14351726],[0.94053163,7.11310114],[0.96366219,7.07443531],[0.96046524,7.05623991],[0.96785516,7.04639951],[0.9674089,7.03234331],[0.98473249,7.01681972],[0.95680974,7.01198972],[0.91517406,6.98279609],[0.90900815,6.92956412]]]}},{"type":"Feature","id":"communes.B10057","properties":{"fid":"communes.B10057","commune":"Moyen-Mono 2"},"geometry":{"type":"Polygon","coordinates":[[[1.63246781,7.40584113],[1.63218983,7.2026121],[1.57785271,7.20023906],[1.5291888,7.24726548],[1.53278193,7.26770137],[1.54423501,7.28199901],[1.52379912,7.3066643],[1.52519184,7.32102956],[1.53769345,7.33506749],[1.58599115,7.36440036],[1.59860788,7.38116475],[1.63246781,7.40584113]]]}},{"type":"Feature","id":"communes.B03039","properties":{"fid":"communes.B03039","commune":"Amou 3"},"geometry":{"type":"MultiPolygon","coordinates":[[[[1.14146118,7.50150783],[1.15499195,7.41200531],[1.15085936,7.38581274],[1.13674075,7.35753255],[1.10196884,7.39868952],[1.08329884,7.39749145],[1.07341473,7.4422695],[1.06158374,7.44840963],[1.0785939,7.46706715],[1.08318653,7.46691739],[1.10295476,7.46886426],[1.12053939,7.51379256],[1.12586467,7.50601339],[1.14146118,7.50150783]]],[[[1.12053924,7.51382844],[1.1029546,7.46890014],[1.07859375,7.46710303],[1.06158358,7.44844551],[1.03526337,7.44613672],[1.04502893,7.48222249],[1.02795637,7.49517667],[1.02673333,7.53202995],[0.99995623,7.54563274],[1.00720555,7.57311271],[0.92379611,7.59764769],[0.90273875,7.62411042],[0.90221298,7.63800756],[0.86840588,7.64956024],[0.86866384,7.66145694],[0.86013351,7.6677276],[0.88510173,7.71427845],[0.89267966,7.800028],[0.89988086,7.81985216],[0.8960785,7.8292586],[0.91130089,7.85592327],[0.93260962,7.86629299],[0.94039888,7.86057174],[0.96991243,7.86245477],[0.97062869,7.85816383],[0.98835611,7.86889115],[1.04152038,7.87728435],[1.04519117,7.8688813],[1.08580281,7.85727833],[1.08231073,7.83575164],[1.0873682,7.83346669],[1.10145385,7.77079378],[1.1066258,7.7163705],[1.15130776,7.6311367],[1.14173299,7.5627274],[1.11926846,7.55700843],[1.11171761,7.53787793],[1.12053924,7.51382844]]]]}},{"type":"Feature","id":"communes.B04040","properties":{"fid":"communes.B04040","commune":"Ani\u00e9 1"},"geometry":{"type":"Polygon","coordinates":[[[1.28927613,7.66223912],[1.25619095,7.68252743],[1.19328757,7.67937117],[1.18966783,7.722252],[1.1735405,7.7395878],[1.15147539,7.73660409],[1.14454614,7.70990643],[1.11320981,7.70704887],[1.1066258,7.7163705],[1.10313346,7.76231361],[1.0873682,7.83346669],[1.08231073,7.83575164],[1.08664572,7.85523393],[1.07403339,7.88164874],[1.04855569,7.90218386],[1.04613522,7.94327794],[1.0398624,7.94583769],[1.03806301,7.95654419],[1.1520294,7.97362314],[1.15215243,7.9084496],[1.16188716,7.89541846],[1.18651172,7.87791879],[1.26566364,7.8586353],[1.35023841,7.81240524],[1.35072352,7.7982686],[1.36965425,7.79693928],[1.39905994,7.78308336],[1.38125934,7.76310808],[1.38704849,7.74219339],[1.35336851,7.7203317],[1.28927613,7.66223912]]]}},{"type":"Feature","id":"communes.B04041","properties":{"fid":"communes.B04041","commune":"Ani\u00e9 2"},"geometry":{"type":"Polygon","coordinates":[[[1.63430062,7.81153437],[1.63048606,7.64109915],[1.640094,7.63624074],[1.64828784,7.61057104],[1.63590293,7.48224202],[1.59185518,7.48438649],[1.53939159,7.5057342],[1.5169373,7.50361724],[1.50289012,7.49197219],[1.44867869,7.48701514],[1.4387509,7.44566721],[1.4305128,7.4372891],[1.40700631,7.46221806],[1.40338136,7.4818287],[1.38319965,7.48783765],[1.37664995,7.49610209],[1.38427927,7.50839091],[1.37902185,7.52093864],[1.33832731,7.53037683],[1.3362399,7.54119072],[1.34833178,7.54492768],[1.34825925,7.55941133],[1.33040932,7.55747101],[1.30669448,7.57094484],[1.31598087,7.59861053],[1.30614059,7.6033182],[1.29781417,7.59785113],[1.28302754,7.60957046],[1.29871716,7.63550851],[1.28927613,7.66223912],[1.35336851,7.7203317],[1.38704849,7.74219339],[1.38125934,7.76310808],[1.39905994,7.78308336],[1.4197959,7.77537145],[1.47048984,7.78255628],[1.48030712,7.87613112],[1.48731484,7.88918204],[1.54800935,7.91142305],[1.629511,7.91716261],[1.62449394,7.83714096],[1.63430062,7.81153437]]]}},{"type":"Feature","id":"communes.B05042","properties":{"fid":"communes.B05042","commune":"Danyi 1"},"geometry":{"type":"Polygon","coordinates":[[[0.69730621,7.12638625],[0.70138089,7.12043092],[0.63477821,7.11377861],[0.61226697,7.10492304],[0.59664913,7.11431977],[0.58844087,7.10916561],[0.63426124,7.20858243],[0.66271568,7.18543924],[0.67089709,7.20664592],[0.6620657,7.22224529],[0.67485883,7.24609829],[0.67413664,7.27341781],[0.6822252,7.28266188],[0.67879994,7.34142775],[0.66837641,7.36059565],[0.72414987,7.36951199],[0.72627671,7.35932121],[0.71053516,7.30304836],[0.68849796,7.2683831],[0.68635202,7.25377417],[0.7042725,7.24845337],[0.7074063,7.23696276],[0.75818393,7.23588669],[0.7416042,7.2080708],[0.73018045,7.20057309],[0.70461037,7.15331333],[0.69730621,7.12638625]]]}},{"type":"Feature","id":"communes.B09055","properties":{"fid":"communes.B09055","commune":"Kp\u00e9l\u00e9 2"},"geometry":{"type":"Polygon","coordinates":[[[0.93187272,7.26366812],[0.92806907,7.16989363],[0.93922955,7.14351726],[0.88018637,7.13582737],[0.81872898,7.13927078],[0.71383849,7.17060143],[0.75591869,7.23098502],[0.7844032,7.28897486],[0.80689097,7.28724914],[0.87926392,7.3038518],[0.923313,7.28845701],[0.95105747,7.29958133],[0.95476921,7.30023902],[0.95796586,7.29911531],[0.93187272,7.26366812]]]}},{"type":"Feature","id":"communes.C05079","properties":{"fid":"communes.C05079","commune":"Tchaoudjo 4"},"geometry":{"type":"Polygon","coordinates":[[[1.19688053,9.01958399],[1.21898075,9.03639749],[1.21966789,9.0745707],[1.24799979,9.09169502],[1.25933735,9.12111915],[1.28838032,9.16300982],[1.29432209,9.21256817],[1.31369945,9.25132866],[1.32486513,9.25298881],[1.34545622,9.2739475],[1.38378039,9.29486645],[1.42122809,9.30812164],[1.4527075,9.27612191],[1.4414194,9.25585188],[1.44133822,9.23932569],[1.42102462,9.21726849],[1.39957971,9.20490994],[1.39396723,9.18770208],[1.41442928,9.13683487],[1.39609508,9.11204856],[1.38987875,9.0798595],[1.37661209,9.06522191],[1.38183764,9.06113762],[1.37568929,9.0544439],[1.38091484,9.04983018],[1.38068408,9.0323269],[1.29135152,9.00325224],[1.27452236,8.99222387],[1.21344128,8.99057698],[1.20179007,8.98512805],[1.19446042,8.99908032],[1.19688053,9.01958399]]]}},{"type":"Feature","id":"communes.B05043","properties":{"fid":"communes.B05043","commune":"Danyi 2"},"geometry":{"type":"Polygon","coordinates":[[[0.64138501,7.37290775],[0.67978214,7.38313402],[0.72739477,7.37832106],[0.76311132,7.3927253],[0.7686976,7.38770418],[0.79021164,7.39304517],[0.79499102,7.38721819],[0.80641187,7.38932582],[0.80684634,7.39465688],[0.82517036,7.39558447],[0.83194188,7.39509419],[0.83827379,7.38170496],[0.81806531,7.32775005],[0.79452724,7.32444873],[0.78863861,7.31703375],[0.78440786,7.28898373],[0.75818393,7.23588669],[0.7074063,7.23696276],[0.7042725,7.24845337],[0.68635202,7.25377417],[0.68849796,7.2683831],[0.71053516,7.30304836],[0.72618604,7.36693311],[0.66837641,7.36059565],[0.67879994,7.34142775],[0.6822252,7.28266188],[0.67413664,7.27341781],[0.67485883,7.24609829],[0.6620657,7.22224529],[0.67089709,7.20664592],[0.66271568,7.18543924],[0.63426124,7.20858243],[0.64544796,7.2921073],[0.65179556,7.29252979],[0.65091566,7.30462855],[0.65845023,7.3154349],[0.64138501,7.37290775]]]}},{"type":"Feature","id":"communes.B06044","properties":{"fid":"communes.B06044","commune":"Est-Mono 1"},"geometry":{"type":"Polygon","coordinates":[[[1.47332457,7.7911777],[1.4635716,7.77841075],[1.4197959,7.77537145],[1.36965425,7.79693928],[1.35072352,7.7982686],[1.35023841,7.81240524],[1.26566364,7.8586353],[1.18651172,7.87791879],[1.20004967,7.90246935],[1.21947924,7.91187075],[1.22983384,7.94941108],[1.28084952,8.00914917],[1.34453097,8.00561058],[1.39804063,8.02561468],[1.43738902,8.02575982],[1.4871274,8.00538144],[1.57760384,8.039527],[1.63125252,8.04145009],[1.629511,7.91716261],[1.53744583,7.90980501],[1.49321224,7.89429513],[1.48030712,7.87613112],[1.47332457,7.7911777]]]}},{"type":"Feature","id":"communes.D02086","properties":{"fid":"communes.D02086","commune":"Bassar 4"},"geometry":{"type":"Polygon","coordinates":[[[0.88745494,9.39286681],[0.86330094,9.41322372],[0.88366749,9.45913514],[0.8527315,9.48992793],[0.85211135,9.51577929],[0.89705767,9.52083695],[0.91529674,9.54053787],[0.92316591,9.56746627],[0.99759983,9.56633633],[0.9913089,9.55028331],[0.99343683,9.53546071],[0.9845194,9.52141441],[0.98692458,9.47785832],[0.97325026,9.46242952],[0.96633268,9.425642],[0.95127919,9.41069234],[0.95187048,9.40345286],[0.94183405,9.40003774],[0.94072981,9.38697139],[0.88745494,9.39286681]]]}},{"type":"Feature","id":"communes.B06045","properties":{"fid":"communes.B06045","commune":"Est-Mono 2"},"geometry":{"type":"Polygon","coordinates":[[[1.36237222,8.36594833],[1.61985434,8.36753267],[1.62458312,8.35667058],[1.61148052,8.33346461],[1.62300669,8.31925872],[1.6321755,8.23124417],[1.6357756,8.13912153],[1.63118829,8.04144779],[1.57760384,8.039527],[1.4871274,8.00538144],[1.43738902,8.02575982],[1.39804063,8.02561468],[1.31264454,8.0532966],[1.3017807,8.05883298],[1.28432281,8.09029504],[1.25950798,8.09266266],[1.26783791,8.10683369],[1.25979589,8.11303075],[1.26575561,8.12344758],[1.26286316,8.14814726],[1.27083086,8.15656115],[1.2635977,8.19700909],[1.26913994,8.20784988],[1.25495389,8.21946959],[1.25673496,8.22816558],[1.24835233,8.24196656],[1.25501477,8.240649],[1.26115777,8.24841923],[1.23328756,8.30922585],[1.24349128,8.34707272],[1.23783814,8.35790303],[1.2515407,8.37135092],[1.36237222,8.36594833]]]}},{"type":"Feature","id":"communes.B06046","properties":{"fid":"communes.B06046","commune":"Est-Mono 3"},"geometry":{"type":"Polygon","coordinates":[[[1.28084952,8.00914917],[1.22983384,7.94941108],[1.21947924,7.91187075],[1.20004967,7.90246935],[1.18651172,7.87791879],[1.15470228,7.90255932],[1.1520294,7.97362314],[1.17588773,7.98001086],[1.1899941,7.99507515],[1.23069937,8.01368856],[1.23309656,8.03124594],[1.24412592,8.03135925],[1.26119685,8.05832344],[1.26591743,8.08214357],[1.25950798,8.09266266],[1.28432281,8.09029504],[1.3017807,8.05883298],[1.31264454,8.0532966],[1.39804063,8.02561468],[1.34453097,8.00561058],[1.28084952,8.00914917]]]}},{"type":"Feature","id":"communes.B07047","properties":{"fid":"communes.B07047","commune":"Haho 1"},"geometry":{"type":"Polygon","coordinates":[[[1.41346028,6.93856562],[1.46512016,6.85135823],[1.43661829,6.85820475],[1.39526558,6.85675341],[1.30444789,6.805269],[1.2354469,6.73472958],[1.12085564,6.81323139],[1.10395629,6.81251965],[1.11498292,6.82360363],[1.10885058,6.82889552],[0.88388893,6.83567345],[0.88804379,6.85664286],[0.8839938,6.8800373],[0.88728525,6.8992962],[0.92581367,6.90565192],[0.90900815,6.92956412],[0.91517406,6.98279609],[0.95680974,7.01198972],[0.98468954,7.01657019],[0.98612836,7.00058235],[1.0468868,6.99212562],[1.06986782,6.97737884],[1.10737105,6.97715427],[1.19529037,6.96281836],[1.19772314,6.94504073],[1.1861952,6.91659516],[1.21411677,6.90488008],[1.26576792,6.90547894],[1.3144248,6.88204877],[1.33688183,6.88983388],[1.38823355,6.92980738],[1.41346028,6.93856562]]]}},{"type":"Feature","id":"communes.B07050","properties":{"fid":"communes.B07050","commune":"Haho 4"},"geometry":{"type":"Polygon","coordinates":[[[1.03573203,7.19354526],[1.06472295,7.17511513],[1.12188516,7.22712495],[1.16388106,7.23938961],[1.24786287,7.23133735],[1.27927828,7.2196223],[1.33519834,7.22099862],[1.34416074,7.22582497],[1.36078923,7.25798358],[1.38355925,7.26240785],[1.42020952,7.28380895],[1.45243921,7.28845531],[1.47289118,7.29864122],[1.45292998,7.23652473],[1.46839295,7.22475518],[1.48229881,7.19041113],[1.44716938,7.18771236],[1.4405426,7.17823469],[1.44271831,7.16297668],[1.40837002,7.15868188],[1.39676722,7.16324814],[1.38254444,7.15800816],[1.38718556,7.1494745],[1.38344272,7.14273739],[1.37281306,7.14423452],[1.35125432,7.12581976],[1.33283956,7.12656833],[1.31861678,7.11054899],[1.27213074,7.12252607],[1.12863036,7.1051593],[1.11103903,7.1139924],[1.10355335,7.13105974],[1.08364146,7.14767793],[1.06231358,7.15068947],[1.05560525,7.16159309],[1.02232317,7.13872869],[1.00593398,7.11699515],[1.00475325,7.10457676],[0.96366219,7.07443531],[0.94053163,7.11310114],[0.93922955,7.14351726],[0.92806907,7.16989363],[0.93387082,7.21034016],[0.93187272,7.26366812],[0.95782251,7.29912746],[0.97652961,7.30004764],[0.98939662,7.29063735],[0.99779136,7.25440216],[1.00807363,7.25158013],[1.03573203,7.19354526]]]}},{"type":"Feature","id":"communes.B08051","properties":{"fid":"communes.B08051","commune":"Kloto 1"},"geometry":{"type":"Polygon","coordinates":[[[0.64860767,6.83936659],[0.67645438,6.80627991],[0.66741701,6.77116698],[0.62749063,6.74779989],[0.61873434,6.75513874],[0.60592555,6.75000787],[0.57585137,6.76829931],[0.57780259,6.77459882],[0.56640817,6.78782311],[0.56770422,6.80198519],[0.58026139,6.80430204],[0.56696475,6.81146892],[0.56418974,6.82409068],[0.5476491,6.83415236],[0.54026519,6.82619871],[0.53194058,6.82848176],[0.53065495,6.85763736],[0.54202837,6.86033063],[0.54295059,6.86587395],[0.53491911,6.87747773],[0.55544474,6.88393652],[0.56176021,6.91654549],[0.60455477,6.91685569],[0.61351985,6.95077811],[0.64623715,6.94463813],[0.64939275,6.92247554],[0.66260224,6.91462323],[0.72883583,6.90966422],[0.7254627,6.88438507],[0.71299185,6.8644696],[0.65976133,6.86781215],[0.65119397,6.86080782],[0.64860767,6.83936659]]]}},{"type":"Feature","id":"communes.B10056","properties":{"fid":"communes.B10056","commune":"Moyen-Mono 1"},"geometry":{"type":"Polygon","coordinates":[[[1.63219298,7.20261343],[1.63303986,7.00147811],[1.55741631,7.00149297],[1.55208624,7.01558059],[1.53579758,7.01430618],[1.53392102,7.01955374],[1.57642323,7.0633635],[1.50784172,7.09170179],[1.4995848,7.10744452],[1.4616385,7.10124302],[1.46636747,7.11226294],[1.46155748,7.12218511],[1.44136554,7.12885702],[1.4405426,7.17823469],[1.45054719,7.18981139],[1.4760686,7.18748748],[1.48357488,7.19363464],[1.46839295,7.22475518],[1.45292998,7.23652473],[1.47289118,7.29864122],[1.52519184,7.32102956],[1.52379912,7.3066643],[1.54423501,7.28199901],[1.52993737,7.25579914],[1.53832133,7.23453983],[1.57785271,7.20023906],[1.63219298,7.20261343]]]}},{"type":"Feature","id":"communes.B08052","properties":{"fid":"communes.B08052","commune":"Kloto 2"},"geometry":{"type":"Polygon","coordinates":[[[0.7369172,6.94889314],[0.72883583,6.90966422],[0.68102215,6.91061451],[0.64939275,6.92247554],[0.65027338,6.95138965],[0.62796401,6.98566095],[0.62634952,7.0028333],[0.59940337,7.01816217],[0.60368489,7.03836021],[0.59733364,7.05991723],[0.61300241,7.08677765],[0.61227298,7.10488066],[0.63477821,7.11377861],[0.70138089,7.12043092],[0.69981962,7.09929449],[0.68454127,7.08194338],[0.68596994,7.07198342],[0.71264516,7.02742657],[0.75411575,7.00042142],[0.74312855,6.99628203],[0.73892476,6.98737629],[0.7316517,6.96326474],[0.7369172,6.94889314]]]}},{"type":"Feature","id":"communes.B08053","properties":{"fid":"communes.B08053","commune":"Kloto 3"},"geometry":{"type":"Polygon","coordinates":[[[0.61351985,6.95077811],[0.60455477,6.91685569],[0.56577434,6.91881347],[0.55747231,6.9304047],[0.52300667,6.94330393],[0.52155369,6.97561924],[0.53605323,6.97922912],[0.55327664,6.99374682],[0.57012578,6.9975186],[0.5806883,6.99310802],[0.594561,7.00329713],[0.59244488,7.01060153],[0.59941099,7.01816986],[0.62634952,7.0028333],[0.62796401,6.98566095],[0.65027338,6.95138965],[0.64623715,6.94463813],[0.61351985,6.95077811]]]}},{"type":"Feature","id":"communes.B11058","properties":{"fid":"communes.B11058","commune":"Ogou 1"},"geometry":{"type":"Polygon","coordinates":[[[1.23580926,7.52379384],[1.2297347,7.49213639],[1.21666183,7.474049],[1.17822942,7.47229314],[1.14432828,7.4799765],[1.14146103,7.50154371],[1.12586451,7.50604927],[1.11385979,7.52830742],[1.11926846,7.55700843],[1.14173299,7.5627274],[1.15137665,7.62544468],[1.14049481,7.65974061],[1.11321672,7.70705015],[1.1453451,7.71043837],[1.1494114,7.7332129],[1.15706812,7.73966281],[1.1735405,7.7395878],[1.18460326,7.73185053],[1.19139891,7.71620106],[1.19328757,7.67937117],[1.25619095,7.68252743],[1.27897625,7.67315937],[1.29888888,7.63767935],[1.2946233,7.6220956],[1.28374277,7.61388365],[1.28465328,7.60404673],[1.29998627,7.59758005],[1.31245408,7.60134139],[1.31713251,7.59358002],[1.30720353,7.5836233],[1.30669448,7.57094484],[1.33040932,7.55747101],[1.34825925,7.55941133],[1.3505624,7.55416527],[1.34689226,7.5433467],[1.3362399,7.54119072],[1.33688779,7.53310769],[1.30837363,7.52416088],[1.28866343,7.52885903],[1.27104537,7.52383054],[1.25129847,7.53069424],[1.23580926,7.52379384]]]}},{"type":"Feature","id":"communes.B11059","properties":{"fid":"communes.B11059","commune":"Ogou 2"},"geometry":{"type":"Polygon","coordinates":[[[1.43159839,7.4090588],[1.44188187,7.38060452],[1.43229727,7.36612778],[1.43808797,7.33278137],[1.33487725,7.3199863],[1.27362567,7.35667734],[1.26306764,7.3524092],[1.24644435,7.36289236],[1.23363992,7.34814106],[1.22016158,7.34948889],[1.19694888,7.36117012],[1.20039335,7.38063884],[1.17508401,7.38063884],[1.1547091,7.40411158],[1.14432828,7.4799765],[1.17822942,7.47229314],[1.21666183,7.474049],[1.2297347,7.49213639],[1.23081748,7.51336982],[1.24193887,7.52929948],[1.30837363,7.52416088],[1.33688779,7.53310769],[1.37405555,7.52316642],[1.3842074,7.51097798],[1.37664995,7.49610209],[1.38319965,7.48783765],[1.40338136,7.4818287],[1.40700631,7.46221806],[1.4305128,7.4372891],[1.43159839,7.4090588]]]}},{"type":"Feature","id":"communes.B12064","properties":{"fid":"communes.B12064","commune":"Wawa 3"},"geometry":{"type":"Polygon","coordinates":[[[0.92379611,7.59764769],[1.00720555,7.57311271],[1.00397156,7.55625868],[0.99641663,7.54091943],[0.98299768,7.53715543],[0.95677183,7.50790809],[0.89513695,7.47900158],[0.86093103,7.5038964],[0.82989924,7.54163447],[0.67046096,7.5221],[0.64514385,7.58161783],[0.67203357,7.58913286],[0.66914511,7.61490748],[0.67571744,7.63000998],[0.74675265,7.62613779],[0.7712427,7.63614093],[0.79187763,7.63619543],[0.82820544,7.63008557],[0.86588427,7.65713276],[0.86840588,7.64956024],[0.90221298,7.63800756],[0.90273875,7.62411042],[0.92379611,7.59764769]]]}},{"type":"Feature","id":"communes.B11060","properties":{"fid":"communes.B11060","commune":"Ogou 3"},"geometry":{"type":"Polygon","coordinates":[[[1.17508401,7.38063884],[1.20039335,7.38063884],[1.19694888,7.36117012],[1.20982819,7.35338264],[1.23363992,7.34814106],[1.24644435,7.36289236],[1.26306764,7.3524092],[1.27362567,7.35667734],[1.33487725,7.3199863],[1.43808797,7.33278137],[1.43888668,7.31700671],[1.47289118,7.29864122],[1.45243921,7.28845531],[1.42020952,7.28380895],[1.38355925,7.26240785],[1.36078923,7.25798358],[1.33837963,7.22180617],[1.27927828,7.2196223],[1.24786287,7.23133735],[1.15838808,7.23888591],[1.12188516,7.22712495],[1.06472295,7.17511513],[1.04098362,7.18796515],[1.03552541,7.19571506],[1.06104296,7.24504861],[1.06255499,7.27547124],[1.07815863,7.33163642],[1.11649305,7.34180768],[1.13339933,7.35334431],[1.1547091,7.40411158],[1.17508401,7.38063884]]]}},{"type":"Feature","id":"communes.B11061","properties":{"fid":"communes.B11061","commune":"Ogou 4"},"geometry":{"type":"Polygon","coordinates":[[[1.53939159,7.5057342],[1.59185518,7.48438649],[1.63590285,7.48226573],[1.63246781,7.40584113],[1.59860788,7.38116475],[1.58599115,7.36440036],[1.51488175,7.3149221],[1.47289118,7.29864122],[1.43888668,7.31700671],[1.43229727,7.36612778],[1.44188187,7.38060452],[1.43159839,7.4090588],[1.4305128,7.4372891],[1.4387509,7.44566721],[1.44690727,7.48472619],[1.50289012,7.49197219],[1.5169373,7.50361724],[1.53939159,7.5057342]]]}},{"type":"Feature","id":"communes.B12062","properties":{"fid":"communes.B12062","commune":"Wawa 1"},"geometry":{"type":"Polygon","coordinates":[[[0.64877321,7.47444221],[0.65862709,7.42569083],[0.64453767,7.40129544],[0.6291625,7.40032293],[0.62545827,7.40947726],[0.61477744,7.41252341],[0.598414,7.40066228],[0.56778911,7.39336363],[0.53980362,7.41779457],[0.53077182,7.45685325],[0.52033256,7.45441731],[0.50917487,7.46402138],[0.52712222,7.47875881],[0.51725479,7.51454409],[0.52749736,7.58475061],[0.52644175,7.5905922],[0.51746395,7.59228308],[0.58591728,7.62356713],[0.5835102,7.67611814],[0.58936827,7.70286721],[0.60875706,7.7106113],[0.62644046,7.7038708],[0.62219464,7.71991659],[0.62747581,7.72149568],[0.65299528,7.68441972],[0.65997921,7.63964383],[0.67571744,7.63000998],[0.66914511,7.61490748],[0.67203357,7.58913286],[0.64514385,7.58161783],[0.67046096,7.5221],[0.66921771,7.48844025],[0.64877321,7.47444221]]]}},{"type":"Feature","id":"communes.B12063","properties":{"fid":"communes.B12063","commune":"Wawa 2"},"geometry":{"type":"Polygon","coordinates":[[[0.89513695,7.47900158],[0.85848461,7.44090604],[0.8525267,7.41680916],[0.83194188,7.39509419],[0.80684634,7.39465688],[0.80641187,7.38932582],[0.79499102,7.38721819],[0.79021164,7.39304517],[0.7686976,7.38770418],[0.76311132,7.3927253],[0.72739477,7.37832106],[0.67978214,7.38313402],[0.65386676,7.37612073],[0.64354814,7.39112645],[0.65862709,7.42569083],[0.64877321,7.47444221],[0.66921771,7.48844025],[0.67046096,7.5221],[0.82989924,7.54163447],[0.86093103,7.5038964],[0.89513695,7.47900158]]]}},{"type":"Feature","id":"communes.C01065","properties":{"fid":"communes.C01065","commune":"Blitta 1"},"geometry":{"type":"Polygon","coordinates":[[[0.89936815,8.13418835],[0.9232312,8.20815116],[0.96644451,8.22826755],[0.93224878,8.25510071],[0.90391136,8.24976336],[0.85168823,8.25506102],[0.86372274,8.3211746],[0.85389967,8.37064124],[0.86824222,8.38478349],[0.89170671,8.3876885],[0.94101885,8.38122558],[0.95498625,8.37318991],[0.96364677,8.35098567],[0.9738359,8.37328746],[0.97159893,8.39134433],[0.99593793,8.39409507],[1.06095341,8.38268529],[1.08917699,8.38537886],[1.13326229,8.37182009],[1.16595369,8.36932446],[1.18344907,8.39160214],[1.2059673,8.39037228],[1.23057358,8.38786075],[1.23824681,8.374389],[1.25158549,8.37275339],[1.23783814,8.35790303],[1.24349128,8.34707272],[1.23328756,8.30922585],[1.24595334,8.28892646],[1.21831278,8.28324759],[1.20505114,8.28686506],[1.1916807,8.27861285],[1.16292192,8.28214488],[1.1398472,8.24264804],[1.1301011,8.2376283],[1.11913524,8.23811774],[1.09722631,8.25704664],[1.06641616,8.25937562],[1.04474873,8.23101127],[1.05814826,8.21358241],[1.07359928,8.21062887],[1.07683802,8.17911656],[1.05995505,8.15923503],[1.0546997,8.11381699],[1.01843282,8.11383436],[1.00053959,8.10432738],[1.00079604,8.09144889],[0.97178396,8.090223],[0.96948749,8.11544196],[0.92800699,8.13563298],[0.89936815,8.13418835]]]}},{"type":"Feature","id":"communes.C01066","properties":{"fid":"communes.C01066","commune":"Blitta 2"},"geometry":{"type":"Polygon","coordinates":[[[1.23309656,8.03124594],[1.23069937,8.01368856],[1.1899941,7.99507515],[1.1720851,7.97865541],[1.04899367,7.95492881],[1.03210477,7.95753592],[1.0349623,7.9787928],[1.02549072,7.99345398],[1.03063319,8.0068872],[1.01292781,8.01905741],[1.00805062,8.04037208],[1.01363367,8.05236586],[1.00606156,8.06256569],[0.98060427,8.06200848],[0.97178396,8.090223],[1.00079604,8.09144889],[1.00053959,8.10432738],[1.01843282,8.11383436],[1.0546997,8.11381699],[1.05995505,8.15923503],[1.07683802,8.17911656],[1.07359928,8.21062887],[1.05814826,8.21358241],[1.04474873,8.23101127],[1.06641616,8.25937562],[1.09722631,8.25704664],[1.11913524,8.23811774],[1.1301011,8.2376283],[1.1398472,8.24264804],[1.16292192,8.28214488],[1.1916807,8.27861285],[1.20505114,8.28686506],[1.24762748,8.28662742],[1.2498089,8.26638804],[1.26115777,8.24841923],[1.2486162,8.24018784],[1.25673496,8.22816558],[1.2556172,8.21773171],[1.26214777,8.21825878],[1.2617519,8.21107797],[1.26913994,8.20784988],[1.2635977,8.19700909],[1.27083086,8.15656115],[1.26286316,8.14814726],[1.26575561,8.12344758],[1.25979589,8.11303075],[1.26783791,8.10683369],[1.25938545,8.09657654],[1.26598061,8.07507397],[1.24697103,8.03413604],[1.23309656,8.03124594]]]}},{"type":"Feature","id":"communes.C01067","properties":{"fid":"communes.C01067","commune":"Blitta 3"},"geometry":{"type":"Polygon","coordinates":[[[0.89936815,8.13418835],[0.94257164,8.1308773],[0.96948749,8.11544196],[0.97506937,8.0696224],[0.98060427,8.06200848],[1.00606156,8.06256569],[1.01363367,8.05236586],[1.00805062,8.04037208],[1.01292781,8.01905741],[1.03063319,8.0068872],[1.02549072,7.99345398],[1.0349623,7.9787928],[1.03210477,7.95753592],[1.01696694,7.97088313],[0.97315717,7.97912336],[0.96471615,7.98649087],[0.93958136,7.97428179],[0.90201467,7.97506731],[0.88226258,7.96322534],[0.85344562,7.96385978],[0.83400486,7.97461648],[0.82530745,7.96244999],[0.80562137,7.9702414],[0.74602718,7.95765539],[0.69637039,7.92691766],[0.67755743,7.90275217],[0.61972621,7.90421108],[0.61324524,7.94497486],[0.59723525,7.9865733],[0.60643025,7.98574438],[0.60604819,8.00001071],[0.5985179,8.00730008],[0.60217375,8.02101115],[0.59414551,8.04047303],[0.5988867,8.05491467],[0.5913411,8.06191198],[0.58479935,8.09376282],[0.58613018,8.10408743],[0.59191247,8.10569225],[0.5914536,8.13912054],[0.6060571,8.13910348],[0.60930879,8.14513995],[0.6044662,8.17449445],[0.61175283,8.18116795],[0.61061632,8.18679548],[0.58935762,8.1944812],[0.58871654,8.20857393],[0.61749942,8.21821378],[0.6370347,8.2617583],[0.67021058,8.26217809],[0.68668275,8.2810809],[0.73102688,8.28696607],[0.73017005,8.3407163],[0.71041971,8.35175574],[0.70873307,8.38160968],[0.75686601,8.38170211],[0.79633985,8.41209228],[0.86824222,8.38478349],[0.85389967,8.37064124],[0.86372274,8.3211746],[0.85168823,8.25506102],[0.90391136,8.24976336],[0.93224878,8.25510071],[0.96644451,8.22826755],[0.9232312,8.20815116],[0.89936815,8.13418835]]]}},{"type":"Feature","id":"communes.C02068","properties":{"fid":"communes.C02068","commune":"M\u00f4 1"},"geometry":{"type":"Polygon","coordinates":[[[0.84664177,8.73484104],[0.83348134,8.7053579],[0.79047297,8.64667303],[0.6859426,8.55122805],[0.63999346,8.59302111],[0.60420919,8.61132225],[0.57428081,8.64316161],[0.55624721,8.65372249],[0.55443041,8.66697945],[0.49199663,8.72652472],[0.46951352,8.75493815],[0.47022523,8.79821923],[0.49162172,8.80123336],[0.50003575,8.81468407],[0.49493891,8.82040127],[0.50102113,8.82886273],[0.49560782,8.83980767],[0.50878061,8.85566142],[0.5194333,8.85339635],[0.51656297,8.86405118],[0.52400922,8.87605463],[0.53947905,8.86388527],[0.5566894,8.88537701],[0.5745243,8.87993911],[0.58161265,8.88386657],[0.57768164,8.90741705],[0.59970121,8.93129215],[0.60004196,8.94606696],[0.61557803,8.95130359],[0.626216,8.96893203],[0.62732239,8.9990914],[0.65222005,9.00162819],[0.65736731,8.99057591],[0.66573164,8.99366028],[0.67543963,9.01348805],[0.74305,8.92135649],[0.71699146,8.87229631],[0.71525841,8.82456109],[0.74455465,8.78541506],[0.83927064,8.76613904],[0.86562786,8.7539935],[0.84664177,8.73484104]]]}},{"type":"Feature","id":"communes.C02069","properties":{"fid":"communes.C02069","commune":"M\u00f4 2"},"geometry":{"type":"Polygon","coordinates":[[[0.63633118,8.59489437],[0.6859426,8.55122805],[0.63325001,8.53245547],[0.61501885,8.51237675],[0.59046336,8.51611904],[0.5831019,8.52625632],[0.57085064,8.52417333],[0.56340984,8.54563024],[0.53572818,8.55746502],[0.53169919,8.56919538],[0.51156682,8.56351986],[0.50990724,8.57166957],[0.49956168,8.57364349],[0.49198884,8.59683797],[0.4694721,8.59545468],[0.46704576,8.60837014],[0.38725026,8.74486914],[0.37349478,8.7542653],[0.40053325,8.75697347],[0.37778484,8.77197188],[0.3792068,8.79253915],[0.38992738,8.79062479],[0.39229795,8.79701624],[0.39816459,8.7896381],[0.39817908,8.79371235],[0.41830694,8.79259116],[0.42763914,8.779563],[0.44078179,8.78835029],[0.43731825,8.794025],[0.42977433,8.7910094],[0.43054368,8.7984031],[0.44278481,8.8021762],[0.44806023,8.81168011],[0.45939047,8.81039879],[0.47013471,8.79030734],[0.46951352,8.75493815],[0.49199663,8.72652472],[0.55443041,8.66697945],[0.55624721,8.65372249],[0.57428081,8.64316161],[0.60420919,8.61132225],[0.63633118,8.59489437]]]}},{"type":"Feature","id":"communes.C03070","properties":{"fid":"communes.C03070","commune":"Sotouboua 1"},"geometry":{"type":"Polygon","coordinates":[[[1.06778401,8.59704514],[1.08186619,8.59098792],[1.08251583,8.57700571],[1.09603167,8.56813341],[1.13540119,8.57452541],[1.14682141,8.54949219],[1.20090241,8.53864476],[1.23343457,8.52405374],[1.25397095,8.4969545],[1.23445051,8.45612796],[1.22389024,8.45224237],[1.0869733,8.45980892],[1.08389077,8.47550953],[1.05073231,8.48897017],[0.9811308,8.47831952],[0.91251459,8.4562374],[0.84827181,8.48279923],[0.72949878,8.50783054],[0.61931187,8.52109199],[0.63325001,8.53245547],[0.6859426,8.55122805],[0.79047297,8.64667303],[0.89471156,8.61790628],[0.93441149,8.6162477],[0.96367978,8.63529021],[1.00611292,8.62412361],[1.04633508,8.62410313],[1.05521441,8.59049385],[1.06778401,8.59704514]]]}},{"type":"Feature","id":"communes.C03071","properties":{"fid":"communes.C03071","commune":"Sotouboua 2"},"geometry":{"type":"Polygon","coordinates":[[[1.26176248,8.64459642],[1.26436763,8.58957832],[1.25365456,8.57570025],[1.25784632,8.56157166],[1.26853506,8.56062973],[1.26649571,8.54538798],[1.24422029,8.54660932],[1.24335162,8.53164457],[1.23343457,8.52405374],[1.20090241,8.53864476],[1.14682141,8.54949219],[1.13540119,8.57452541],[1.09603167,8.56813341],[1.08251583,8.57700571],[1.08186619,8.59098792],[1.06778401,8.59704514],[1.05521441,8.59049385],[1.04633508,8.62410313],[1.00611292,8.62412361],[0.96367978,8.63529021],[0.93441149,8.6162477],[0.89471156,8.61790628],[0.79047297,8.64667303],[0.83348134,8.7053579],[0.84664177,8.73484104],[0.86562786,8.7539935],[0.83927064,8.76613904],[0.74455465,8.78541506],[0.71525841,8.82456109],[0.71699146,8.87229631],[0.74305,8.92135649],[0.67543963,9.01348805],[0.70101363,9.02303566],[0.7034446,9.03692774],[0.71320218,9.03580118],[0.72242604,9.05950244],[0.751438,9.05262626],[0.77552129,9.06573918],[0.78438648,9.03919617],[0.80437912,9.02100051],[0.81239938,9.02744326],[0.81746632,9.01446805],[0.84810037,9.0035806],[0.8622823,9.00804391],[0.88070497,9.00185182],[0.89526831,8.9868629],[0.8930619,8.97240122],[0.9041671,8.94843031],[0.9020661,8.93720718],[0.9135462,8.92094266],[0.95136227,8.90964907],[0.96580738,8.8948227],[0.96176921,8.86240451],[0.97443577,8.82130053],[1.00514469,8.80698788],[1.0104952,8.78799707],[1.02910294,8.78545439],[1.03630477,8.77609114],[1.05052054,8.7723538],[1.0523672,8.74810234],[1.0616207,8.75407474],[1.06760097,8.74571336],[1.06948932,8.75093137],[1.08058378,8.74790741],[1.09890208,8.75387981],[1.10711155,8.74588509],[1.12114913,8.75217183],[1.12293324,8.73602835],[1.13286687,8.73149314],[1.15741175,8.74088889],[1.1591552,8.74692234],[1.19782611,8.73883245],[1.21488492,8.6836018],[1.23338725,8.67301455],[1.23845727,8.67676283],[1.26107107,8.6709558],[1.26660846,8.65646146],[1.26176248,8.64459642]]]}},{"type":"Feature","id":"communes.C03072","properties":{"fid":"communes.C03072","commune":"Sotouboua 3"},"geometry":{"type":"Polygon","coordinates":[[[1.22389024,8.45224237],[1.24587612,8.38490658],[1.18344907,8.39160214],[1.16595369,8.36932446],[1.13326229,8.37182009],[1.08917699,8.38537886],[1.06095341,8.38268529],[0.99593793,8.39409507],[0.97159893,8.39134433],[0.9738359,8.37328746],[0.96364677,8.35098567],[0.95498625,8.37318991],[0.94101885,8.38122558],[0.89170671,8.3876885],[0.86824222,8.38478349],[0.79633985,8.41209228],[0.75686601,8.38170211],[0.70899115,8.38148099],[0.69874111,8.38877365],[0.70587228,8.39429537],[0.69340574,8.39474811],[0.69621979,8.40453202],[0.6515697,8.42249102],[0.65596621,8.45581626],[0.64472571,8.47598969],[0.64681646,8.49113772],[0.64049785,8.49735292],[0.6290477,8.49635497],[0.62992199,8.50803385],[0.61501885,8.51237675],[0.61943879,8.52107673],[0.72949878,8.50783054],[0.84827181,8.48279923],[0.91251459,8.4562374],[0.9811308,8.47831952],[1.05073231,8.48897017],[1.08389077,8.47550953],[1.0869733,8.45980892],[1.22389024,8.45224237]]]}},{"type":"Feature","id":"communes.C04073","properties":{"fid":"communes.C04073","commune":"Tchamba 1"},"geometry":{"type":"Polygon","coordinates":[[[1.45698509,8.90493952],[1.42646578,8.85270629],[1.3870628,8.8450401],[1.35149993,8.84373167],[1.32220569,8.85098194],[1.31835469,8.85943153],[1.32393869,8.86233446],[1.31536455,8.86893733],[1.31681792,8.87520159],[1.30610885,8.8797088],[1.32670854,8.88249611],[1.32441368,8.89502468],[1.34554172,8.90802841],[1.34716096,8.92192759],[1.34264792,8.92307353],[1.35542223,8.93353947],[1.35205952,8.93952735],[1.36995889,8.93349228],[1.37141406,8.95384626],[1.36644194,8.95758958],[1.38271905,8.99864535],[1.37605553,9.02222831],[1.38091484,9.04983018],[1.37568929,9.0544439],[1.38183764,9.06113762],[1.37661209,9.06522191],[1.38987875,9.0798595],[1.39609508,9.11204856],[1.41442928,9.13683487],[1.39396723,9.18770208],[1.39957971,9.20490994],[1.42102462,9.21726849],[1.44133822,9.23932569],[1.4414194,9.25585188],[1.45270528,9.27611726],[1.45381953,9.26586313],[1.51843023,9.19394814],[1.55843558,9.17257385],[1.56956919,9.14048052],[1.59723478,9.11070678],[1.61815696,9.06119135],[1.62653208,9.00756911],[1.61893296,8.96724749],[1.62374823,8.91580338],[1.55583944,8.90408647],[1.53987842,8.93075115],[1.53876119,8.9684336],[1.51781172,8.98411696],[1.48529668,8.9901377],[1.4625442,8.95101207],[1.45698509,8.90493952]]]}},{"type":"Feature","id":"communes.C05077","properties":{"fid":"communes.C05077","commune":"Tchaoudjo 2"},"geometry":{"type":"Polygon","coordinates":[[[0.95990527,8.96747388],[1.03953439,8.93331988],[1.04959625,8.93756818],[1.06196769,8.93323313],[1.06407052,8.92475121],[1.09865371,8.91326475],[1.12271146,8.89721927],[1.12977476,8.88415682],[1.12469988,8.87041941],[1.14813257,8.82423234],[1.15741175,8.74088889],[1.13286687,8.73149314],[1.12293324,8.73602835],[1.12114913,8.75217183],[1.10711155,8.74588509],[1.09890208,8.75387981],[1.08058378,8.74790741],[1.06948932,8.75093137],[1.06760097,8.74571336],[1.0616207,8.75407474],[1.0523672,8.74810234],[1.05052054,8.7723538],[1.03630477,8.77609114],[1.02910294,8.78545439],[1.0104952,8.78799707],[1.00514469,8.80698788],[0.97443577,8.82130053],[0.96176921,8.86240451],[0.96580738,8.8948227],[0.95136227,8.90964907],[0.9135462,8.92094266],[0.89586349,8.95994479],[0.95990527,8.96747388]]]}},{"type":"Feature","id":"communes.C04074","properties":{"fid":"communes.C04074","commune":"Tchamba 2"},"geometry":{"type":"Polygon","coordinates":[[[1.57849428,8.53784627],[1.56926814,8.52550601],[1.57068093,8.50916685],[1.54233226,8.49733228],[1.53024622,8.4757511],[1.52285769,8.43803571],[1.51265517,8.42953671],[1.5182294,8.38552493],[1.49659035,8.36765323],[1.36237222,8.36594833],[1.2515407,8.37135092],[1.23587593,8.3777496],[1.24587612,8.38490658],[1.2462022,8.39623441],[1.23875431,8.39827988],[1.22389024,8.45224237],[1.23445051,8.45612796],[1.25397095,8.4969545],[1.23343457,8.52405374],[1.24335162,8.53164457],[1.24422029,8.54660932],[1.26649571,8.54538798],[1.26853506,8.56062973],[1.25784632,8.56157166],[1.25365456,8.57570025],[1.26436763,8.58957832],[1.25910438,8.62503922],[1.26660846,8.65646146],[1.26370483,8.66819391],[1.27019338,8.67587824],[1.26038291,8.68065839],[1.26410264,8.69454046],[1.25441661,8.70532382],[1.27668878,8.72231175],[1.27488562,8.74903475],[1.28222888,8.74452754],[1.28957225,8.75476429],[1.30311152,8.75682695],[1.29983829,8.76718254],[1.31475439,8.77176619],[1.30826505,8.79024852],[1.3281486,8.812062],[1.32095829,8.81977781],[1.32220569,8.85098194],[1.35149993,8.84373167],[1.42646578,8.85270629],[1.45698509,8.90493952],[1.4625442,8.95101207],[1.48529668,8.9901377],[1.51781172,8.98411696],[1.53876119,8.9684336],[1.54632948,8.91308665],[1.55583944,8.90408647],[1.57400941,8.90550252],[1.58377766,8.8793892],[1.55925073,8.84747258],[1.57716455,8.83936901],[1.56814009,8.82337512],[1.5685159,8.80107166],[1.59913475,8.78061224],[1.59679529,8.77305631],[1.57661697,8.76769295],[1.56285894,8.75158518],[1.54788253,8.75095116],[1.46505924,8.76432394],[1.45720917,8.78333987],[1.43060788,8.77333804],[1.38448702,8.80304723],[1.37438989,8.77459532],[1.39070049,8.75642386],[1.37241105,8.60624619],[1.37219374,8.54240065],[1.45883734,8.54188346],[1.56971507,8.5610806],[1.57849428,8.53784627]]]}},{"type":"Feature","id":"communes.C05076","properties":{"fid":"communes.C05076","commune":"Tchaoudjo 1"},"geometry":{"type":"Polygon","coordinates":[[[1.27488562,8.74903475],[1.2704477,8.71424556],[1.26298285,8.7154677],[1.25441661,8.70532382],[1.26410264,8.69454046],[1.26038291,8.68065839],[1.26919287,8.67831216],[1.26771801,8.67190349],[1.25270879,8.66904877],[1.2228521,8.67682861],[1.20975507,8.69583614],[1.19782611,8.73883245],[1.1591552,8.74692234],[1.15741175,8.74088889],[1.14813257,8.82423234],[1.12469988,8.87041941],[1.12977476,8.88415682],[1.12271146,8.89721927],[1.09865371,8.91326475],[1.06407052,8.92475121],[1.06196769,8.93323313],[1.04959625,8.93756818],[1.03953439,8.93331988],[0.95990527,8.96747388],[0.89625949,8.96006741],[0.89526831,8.9868629],[0.8767244,9.00369237],[0.89319327,9.0035285],[0.91214234,9.01418094],[0.93118159,9.01097634],[0.96573221,9.02394577],[0.97268664,9.05417298],[0.99544855,9.05586992],[1.00482408,9.06305861],[1.00201402,9.0760162],[1.01108412,9.07707599],[1.00811763,9.09230552],[1.02290995,9.09811599],[1.03329719,9.08118683],[1.03633247,9.09092373],[1.06297643,9.09454521],[1.09976381,9.06854351],[1.17208006,9.04885566],[1.18948672,9.04699782],[1.21933837,9.05626],[1.21898075,9.03639749],[1.19688053,9.01958399],[1.19446042,8.99908032],[1.20179007,8.98512805],[1.21344128,8.99057698],[1.27452236,8.99222387],[1.29135152,9.00325224],[1.38068408,9.0323269],[1.37605553,9.02222831],[1.38135763,8.98765219],[1.36644194,8.95758958],[1.37141406,8.95384626],[1.36995889,8.93349228],[1.35205952,8.93952735],[1.35542223,8.93353947],[1.34264792,8.92307353],[1.34716096,8.92192759],[1.34554172,8.90802841],[1.32441368,8.89502468],[1.32670854,8.88249611],[1.30610885,8.8797088],[1.31681792,8.87520159],[1.31536455,8.86893733],[1.32393869,8.86233446],[1.31804868,8.85553541],[1.32386463,8.83509081],[1.32095829,8.81977781],[1.3281486,8.812062],[1.30826505,8.79024852],[1.31475439,8.77176619],[1.29983829,8.76718254],[1.30311152,8.75682695],[1.28957225,8.75476429],[1.28222888,8.74452754],[1.27488562,8.74903475]]]}},{"type":"Feature","id":"communes.C04075","properties":{"fid":"communes.C04075","commune":"Tchamba 3"},"geometry":{"type":"Polygon","coordinates":[[[1.630481,8.74456948],[1.62257454,8.54445474],[1.64898147,8.49608358],[1.63881691,8.46732783],[1.62552836,8.45634078],[1.63125079,8.44468529],[1.62436172,8.43095404],[1.62876058,8.41663617],[1.62396815,8.38538387],[1.61472107,8.37526814],[1.62191951,8.36965598],[1.49659035,8.36765323],[1.5182294,8.38552493],[1.51265517,8.42953671],[1.52285769,8.43803571],[1.53024622,8.4757511],[1.54233226,8.49733228],[1.57068093,8.50916685],[1.56926814,8.52550601],[1.57849428,8.53784627],[1.56971507,8.5610806],[1.45883734,8.54188346],[1.37219374,8.54240065],[1.37241105,8.60624619],[1.39070049,8.75642386],[1.37438989,8.77459532],[1.38448702,8.80304723],[1.43060788,8.77333804],[1.45720917,8.78333987],[1.46505924,8.76432394],[1.56285894,8.75158518],[1.57661697,8.76769295],[1.59679529,8.77305631],[1.59913475,8.78061224],[1.5685159,8.80107166],[1.56814009,8.82337512],[1.57716455,8.83936901],[1.55925073,8.84747258],[1.58377766,8.8793892],[1.57400941,8.90550252],[1.62374703,8.91580319],[1.62935789,8.89532048],[1.630481,8.74456948]]]}},{"type":"Feature","id":"communes.C05078","properties":{"fid":"communes.C05078","commune":"Tchaoudjo 3"},"geometry":{"type":"Polygon","coordinates":[[[0.99314691,9.09033927],[0.98100569,9.14643535],[0.98325797,9.16403293],[1.01353708,9.20760041],[1.02640914,9.2494009],[1.05210133,9.27302046],[1.17156817,9.25183462],[1.18832904,9.2444614],[1.18860443,9.23002345],[1.19832595,9.21232009],[1.21488729,9.22779718],[1.22035163,9.22168602],[1.23625719,9.24890943],[1.25645895,9.26429638],[1.2846087,9.26461173],[1.30096795,9.25223194],[1.31369945,9.25132866],[1.29432209,9.21256817],[1.28838032,9.16300982],[1.25933735,9.12111915],[1.24799979,9.09169502],[1.21966789,9.0745707],[1.21933837,9.05626],[1.18948672,9.04699782],[1.14605568,9.05501807],[1.09976381,9.06854351],[1.06297643,9.09454521],[1.03633247,9.09092373],[1.03329719,9.08118683],[1.02290995,9.09811599],[1.00811763,9.09230552],[1.01108412,9.07707599],[1.00201402,9.0760162],[0.99314691,9.09033927]]]}},{"type":"Feature","id":"communes.D01080","properties":{"fid":"communes.D01080","commune":"Assoli 1"},"geometry":{"type":"Polygon","coordinates":[[[1.25139042,9.37475933],[1.29189469,9.36155572],[1.28598306,9.35064074],[1.29568767,9.34694049],[1.27684415,9.31973991],[1.23844927,9.33357148],[1.20770431,9.29901572],[1.1881632,9.31530889],[1.1526684,9.32597327],[1.09390324,9.31267461],[1.06882971,9.27111718],[1.05210133,9.27302046],[1.02640914,9.2494009],[1.01616287,9.29219313],[0.9973767,9.29827783],[0.96905137,9.33340823],[0.94287897,9.33669849],[0.93743496,9.34277221],[0.94533661,9.37433423],[0.93865938,9.39397224],[0.95187048,9.40345286],[0.95127919,9.41069234],[0.96896967,9.43150361],[1.03142847,9.42162642],[1.08562201,9.37536482],[1.09549501,9.37451181],[1.17569713,9.40220719],[1.20937451,9.43605648],[1.25066125,9.44008446],[1.25650684,9.3847763],[1.25139042,9.37475933]]]}},{"type":"Feature","id":"communes.D01081","properties":{"fid":"communes.D01081","commune":"Assoli 2"},"geometry":{"type":"Polygon","coordinates":[[[1.09390324,9.31267461],[1.1526684,9.32597327],[1.1881632,9.31530889],[1.20770431,9.29901572],[1.23844927,9.33357148],[1.27684415,9.31973991],[1.25768236,9.29352621],[1.25645895,9.26429638],[1.23625719,9.24890943],[1.22035163,9.22168602],[1.21488729,9.22779718],[1.19832595,9.21232009],[1.18860443,9.23002345],[1.18832904,9.2444614],[1.06882971,9.27111718],[1.09390324,9.31267461]]]}},{"type":"Feature","id":"communes.D01082","properties":{"fid":"communes.D01082","commune":"Assoli 3"},"geometry":{"type":"Polygon","coordinates":[[[1.40009507,9.42405866],[1.39886149,9.3662713],[1.42122809,9.30812164],[1.34545622,9.2739475],[1.31927097,9.25054452],[1.30785549,9.24938325],[1.2846087,9.26461173],[1.25645895,9.26429638],[1.25768236,9.29352621],[1.29568767,9.34694049],[1.28598306,9.35064074],[1.29189469,9.36155572],[1.25139042,9.37475933],[1.25650684,9.3847763],[1.25066125,9.44008446],[1.27658217,9.43606191],[1.30977069,9.44217817],[1.33134859,9.46218533],[1.36423732,9.46068103],[1.37030462,9.43965523],[1.40009507,9.42405866]]]}},{"type":"Feature","id":"communes.D03087","properties":{"fid":"communes.D03087","commune":"Binah 1"},"geometry":{"type":"Polygon","coordinates":[[[1.29286112,9.68110372],[1.22671847,9.71370188],[1.19159821,9.75638705],[1.20730008,9.77203742],[1.246942,9.86735318],[1.25365122,9.85736437],[1.26994088,9.86565484],[1.29832185,9.90325353],[1.30978623,9.96660647],[1.33357321,10.01182435],[1.35327524,10.00036417],[1.35700121,9.95893981],[1.3537946,9.89797394],[1.36359809,9.80369773],[1.35832911,9.76008468],[1.36038539,9.68232594],[1.34706685,9.68765009],[1.33362222,9.68096295],[1.29286112,9.68110372]]]}},{"type":"Feature","id":"communes.D02083","properties":{"fid":"communes.D02083","commune":"Bassar 1"},"geometry":{"type":"Polygon","coordinates":[[[0.75798058,9.0550484],[0.73985406,9.052912],[0.72242604,9.05950244],[0.71320218,9.03580118],[0.70530586,9.03884292],[0.70101363,9.02303566],[0.67646681,9.01465464],[0.66573164,8.99366028],[0.65337809,8.98967631],[0.65556578,8.99841533],[0.64655797,9.00278488],[0.6154143,8.9925278],[0.60512482,8.9963859],[0.60955494,9.01309526],[0.62877489,9.03225545],[0.59741378,9.05795514],[0.6194898,9.09322691],[0.65649167,9.1113252],[0.65513329,9.13035244],[0.6423784,9.14812819],[0.64227063,9.17544703],[0.63617626,9.17848212],[0.63496149,9.19458973],[0.64758921,9.20965695],[0.64277192,9.21009996],[0.63830127,9.25963906],[0.63228708,9.26757126],[0.65464576,9.33576525],[0.66667009,9.35311244],[0.68198001,9.35287114],[0.6982535,9.36305626],[0.71630221,9.35181246],[0.73512536,9.35364149],[0.74330115,9.34085083],[0.78880358,9.36707531],[0.77518342,9.39564408],[0.79159092,9.39865885],[0.79636314,9.40575021],[0.84614418,9.40537417],[0.86330094,9.41322372],[0.88745494,9.39286681],[0.94072981,9.38697139],[0.94533661,9.37433423],[0.93772944,9.34012572],[0.96186288,9.33687032],[0.97865178,9.32614892],[0.9973767,9.29827783],[1.01616287,9.29219313],[1.02595559,9.26457025],[1.0162021,9.21354991],[0.98059678,9.15307211],[0.98929327,9.10213333],[1.00482408,9.06305861],[0.99544855,9.05586992],[0.97268664,9.05417298],[0.96573221,9.02394577],[0.93118159,9.01097634],[0.9054088,9.01251463],[0.89319327,9.0035285],[0.8622823,9.00804391],[0.84810037,9.0035806],[0.81746632,9.01446805],[0.81600271,9.0255859],[0.80437912,9.02100051],[0.78824408,9.0337747],[0.77552129,9.06573918],[0.75798058,9.0550484]]]}},{"type":"Feature","id":"communes.D02084","properties":{"fid":"communes.D02084","commune":"Bassar 2"},"geometry":{"type":"Polygon","coordinates":[[[0.64758921,9.20965695],[0.63496149,9.19458973],[0.63617626,9.17848212],[0.64227063,9.17544703],[0.6423784,9.14812819],[0.65513329,9.13035244],[0.65649167,9.1113252],[0.6194898,9.09322691],[0.59741378,9.05795514],[0.62877489,9.03225545],[0.60955494,9.01309526],[0.60512482,8.9963859],[0.6154143,8.9925278],[0.62732239,8.9990914],[0.626216,8.96893203],[0.61557803,8.95130359],[0.60004196,8.94606696],[0.59970121,8.93129215],[0.57768164,8.90741705],[0.58161265,8.88386657],[0.5745243,8.87993911],[0.5566894,8.88537701],[0.53947905,8.86388527],[0.52486782,8.87459794],[0.51185102,8.90238016],[0.50876612,8.91779105],[0.51426624,8.93620926],[0.46627851,9.00462286],[0.47003446,9.0184592],[0.45570197,9.04589747],[0.4641013,9.08866463],[0.48532018,9.09954148],[0.47645135,9.14429802],[0.51159806,9.16397132],[0.53155237,9.21252042],[0.50681984,9.25968175],[0.53861301,9.30634827],[0.55245539,9.30404084],[0.55516155,9.31089226],[0.54520311,9.34043919],[0.56686717,9.40564321],[0.55664779,9.41202662],[0.64586587,9.46741368],[0.68521986,9.50586287],[0.69880585,9.49153814],[0.73057276,9.50057711],[0.7146664,9.47709496],[0.71698687,9.46994688],[0.73201226,9.46955378],[0.73286609,9.44483124],[0.75698449,9.42889285],[0.75253778,9.41355642],[0.77518342,9.39564408],[0.78880358,9.36707531],[0.74330115,9.34085083],[0.73512536,9.35364149],[0.71630221,9.35181246],[0.6982535,9.36305626],[0.68198001,9.35287114],[0.66667009,9.35311244],[0.65464576,9.33576525],[0.63228708,9.26757126],[0.63830127,9.25963906],[0.64277192,9.21009996],[0.64758921,9.20965695]]]}},{"type":"Feature","id":"communes.D02085","properties":{"fid":"communes.D02085","commune":"Bassar 3"},"geometry":{"type":"Polygon","coordinates":[[[0.91788195,9.64427976],[0.93128134,9.62242697],[0.94705108,9.63255446],[0.9672107,9.61340825],[0.98965184,9.60394791],[1.00099297,9.60592877],[1.0115022,9.59763836],[1.00904625,9.58421302],[0.99759983,9.56633633],[0.92316591,9.56746627],[0.91529674,9.54053787],[0.89705767,9.52083695],[0.85211135,9.51577929],[0.8527315,9.48992793],[0.88366749,9.45913514],[0.86330094,9.41322372],[0.84614418,9.40537417],[0.79636314,9.40575021],[0.79159092,9.39865885],[0.77518342,9.39564408],[0.75253778,9.41355642],[0.75698449,9.42889285],[0.73286609,9.44483124],[0.73201226,9.46955378],[0.71698687,9.46994688],[0.7146664,9.47709496],[0.73057276,9.50057711],[0.69880585,9.49153814],[0.68521986,9.50586287],[0.68115465,9.53419648],[0.65912158,9.57638282],[0.6682413,9.58618622],[0.68591493,9.58004834],[0.71710451,9.58990737],[0.73740101,9.58756975],[0.75966409,9.60086813],[0.77346583,9.59251429],[0.78986364,9.59558449],[0.80424425,9.60376912],[0.82087919,9.64043104],[0.84472707,9.63591024],[0.85764473,9.66149147],[0.87862042,9.67912536],[0.90117011,9.67360904],[0.90380536,9.66050658],[0.91699287,9.66140086],[0.91788195,9.64427976]]]}},{"type":"Feature","id":"communes.D03088","properties":{"fid":"communes.D03088","commune":"Binah 2"},"geometry":{"type":"Polygon","coordinates":[[[1.33916583,9.55539984],[1.35878099,9.500555],[1.35954443,9.4829036],[1.32686026,9.4931456],[1.31309321,9.5179449],[1.28936549,9.52546711],[1.27793475,9.52071652],[1.27177849,9.53185369],[1.26407874,9.52458587],[1.25174046,9.53645553],[1.25459992,9.55454247],[1.26317405,9.56060786],[1.27390368,9.58521821],[1.27441079,9.59882153],[1.29491668,9.61909386],[1.28839264,9.64649104],[1.29467566,9.67859444],[1.33362222,9.68096295],[1.34706685,9.68765009],[1.36038539,9.68232594],[1.36600944,9.66222952],[1.362484,9.60118316],[1.33916583,9.55539984]]]}},{"type":"Feature","id":"communes.D04090","properties":{"fid":"communes.D04090","commune":"Dankpen 2"},"geometry":{"type":"Polygon","coordinates":[[[0.69167733,9.63813118],[0.70062018,9.65810518],[0.7238998,9.67838893],[0.67955084,9.69312494],[0.6894192,9.73538645],[0.68906567,9.74922122],[0.67770751,9.76885274],[0.69708267,9.78540598],[0.71868415,9.77962218],[0.71991187,9.80926294],[0.72514162,9.81271474],[0.70120068,9.85689987],[0.70698205,9.86108906],[0.74808415,9.84615628],[0.74851523,9.86294617],[0.76112113,9.85988612],[0.76126483,9.87337543],[0.77493929,9.88281963],[0.7733587,9.89795924],[0.79361893,9.90011177],[0.81028687,9.88224561],[0.82764845,9.88317178],[0.83641352,9.89221248],[0.84898634,9.88611359],[0.84167119,9.87797471],[0.85007084,9.86433676],[0.84767129,9.84849037],[0.83692251,9.84700056],[0.84111863,9.84385753],[0.83610845,9.83297639],[0.84030837,9.82580496],[0.86660223,9.81486724],[0.85868525,9.79298957],[0.86293001,9.78305619],[0.85448439,9.76941036],[0.87228396,9.73929701],[0.86294895,9.72755829],[0.87862042,9.67912536],[0.85764473,9.66149147],[0.84472707,9.63591024],[0.82087919,9.64043104],[0.80424425,9.60376912],[0.78365987,9.59321759],[0.75966409,9.60086813],[0.73740101,9.58756975],[0.71710451,9.58990737],[0.68591493,9.58004834],[0.66119677,9.58903037],[0.65161918,9.60105598],[0.66582601,9.61934717],[0.65667853,9.633813],[0.69167733,9.63813118]]]}},{"type":"Feature","id":"communes.D04091","properties":{"fid":"communes.D04091","commune":"Dankpen 3"},"geometry":{"type":"Polygon","coordinates":[[[0.65840325,9.57378218],[0.68115465,9.53419648],[0.68521986,9.50586287],[0.64586587,9.46741368],[0.55664779,9.41202662],[0.55475491,9.42302172],[0.5245692,9.43158631],[0.5193176,9.44002453],[0.50004188,9.43792041],[0.4945306,9.45213359],[0.50527774,9.46643614],[0.49176296,9.4854285],[0.47909145,9.48514531],[0.44906053,9.49924822],[0.43780139,9.49409802],[0.41219586,9.50024822],[0.41515425,9.49647537],[0.38902736,9.49131514],[0.3596451,9.49892151],[0.34364898,9.48832849],[0.35070823,9.4751084],[0.33874769,9.45156655],[0.31261326,9.44604808],[0.26887371,9.424598],[0.24692887,9.43788959],[0.22879867,9.46472222],[0.22963848,9.48628079],[0.25502006,9.47755561],[0.27036737,9.47892083],[0.27541317,9.48764163],[0.28870878,9.48798628],[0.3113363,9.50548767],[0.29316546,9.52334589],[0.25576442,9.51904758],[0.24404609,9.52347037],[0.23566891,9.54812795],[0.24051635,9.57438257],[0.26691635,9.56674097],[0.28970231,9.57646326],[0.33606209,9.57877956],[0.35235901,9.57231946],[0.37278354,9.57954897],[0.38339694,9.59108057],[0.37146793,9.61488891],[0.37922087,9.630486],[0.37584447,9.65329012],[0.3691926,9.65215283],[0.36290774,9.67358093],[0.35109823,9.67584783],[0.35334934,9.69495779],[0.34491422,9.71693183],[0.31947399,9.72685887],[0.32977191,9.75816051],[0.32559224,9.77245325],[0.33500253,9.77629713],[0.33100372,9.79596635],[0.35765767,9.84793643],[0.35529268,9.86790973],[0.42853855,9.87523656],[0.42675208,9.88979999],[0.49966707,9.88892796],[0.49511051,9.85926433],[0.51930964,9.85162084],[0.53960095,9.82284982],[0.58964157,9.84383364],[0.60585505,9.8086472],[0.60326181,9.76199534],[0.58095778,9.77438914],[0.57380549,9.77202692],[0.53382274,9.74148641],[0.5166422,9.73828021],[0.50782553,9.71889705],[0.48097898,9.69855214],[0.44905172,9.702938],[0.39571839,9.69346882],[0.4021861,9.67720827],[0.46172789,9.66929189],[0.50563746,9.67553954],[0.58420889,9.64599535],[0.61928782,9.65145498],[0.62794402,9.62638612],[0.65667853,9.633813],[0.66582601,9.61934717],[0.65161918,9.60105598],[0.6682413,9.58618622],[0.65840325,9.57378218]]]}},{"type":"Feature","id":"communes.D04089","properties":{"fid":"communes.D04089","commune":"Dankpen 1"},"geometry":{"type":"Polygon","coordinates":[[[0.68906567,9.74922122],[0.67955084,9.69312494],[0.7238998,9.67838893],[0.70062018,9.65810518],[0.69167733,9.63813118],[0.62794402,9.62638612],[0.61928782,9.65145498],[0.58420889,9.64599535],[0.50563746,9.67553954],[0.46172789,9.66929189],[0.40337844,9.67594035],[0.39571839,9.69346882],[0.44905172,9.702938],[0.48097898,9.69855214],[0.50782553,9.71889705],[0.5166422,9.73828021],[0.53382274,9.74148641],[0.57380549,9.77202692],[0.58095778,9.77438914],[0.60326181,9.76199534],[0.60585505,9.8086472],[0.58964157,9.84383364],[0.53960095,9.82284982],[0.51930964,9.85162084],[0.49511051,9.85926433],[0.49966707,9.88892796],[0.42675208,9.88979999],[0.42853855,9.87523656],[0.35529268,9.86790973],[0.35485772,9.92145249],[0.36120746,9.93029001],[0.38746259,9.93889752],[0.38672293,9.9502935],[0.37050403,9.96373967],[0.35902933,9.98956162],[0.36246415,10.0330137],[0.40179576,10.01991258],[0.42705624,10.02789284],[0.4324167,10.01271689],[0.42632167,10.0101345],[0.43306311,9.9975915],[0.43030316,9.96947953],[0.45337156,9.9690974],[0.45251848,9.95762548],[0.46913352,9.95112359],[0.48658647,9.9578708],[0.53640869,9.95275286],[0.51574391,9.92292567],[0.53770088,9.917303],[0.55596599,9.89160579],[0.56642774,9.88733183],[0.60602997,9.89474443],[0.62153492,9.88509382],[0.62592723,9.89391095],[0.64506897,9.90184232],[0.65262376,9.88850694],[0.67429919,9.89973148],[0.68141224,9.89653476],[0.6763201,9.86720777],[0.70120068,9.85689987],[0.72553605,9.8180132],[0.71868415,9.77962218],[0.69708267,9.78540598],[0.67770751,9.76885274],[0.68906567,9.74922122]]]}},{"type":"Feature","id":"communes.D05092","properties":{"fid":"communes.D05092","commune":"Doufelgou 1"},"geometry":{"type":"Polygon","coordinates":[[[1.0570183,9.78540047],[1.07927304,9.83190023],[1.11780273,9.83757572],[1.14079046,9.85765969],[1.15985122,9.86428075],[1.17676587,9.8557998],[1.20317631,9.88235862],[1.20141951,9.90179132],[1.1708309,9.93260504],[1.20374036,9.99172322],[1.1924238,10.00723565],[1.20240663,10.00973602],[1.21895546,10.04171512],[1.2267634,10.04063668],[1.22800938,10.03275589],[1.25088153,10.03466124],[1.26316702,10.02623868],[1.28277688,10.04136148],[1.33357321,10.01182435],[1.30978623,9.96660647],[1.29832185,9.90325353],[1.26994088,9.86565484],[1.25365122,9.85736437],[1.246942,9.86735318],[1.20730008,9.77203742],[1.17262662,9.74413186],[1.16829048,9.73141088],[1.14998438,9.71346592],[1.14475224,9.69436861],[1.12324013,9.6945681],[1.08696501,9.66118623],[1.07821347,9.65987927],[1.07240635,9.66641404],[1.06381836,9.6583273],[1.05514867,9.66821107],[1.03895417,9.65653021],[1.02684577,9.72008674],[1.05792087,9.75718996],[1.0570183,9.78540047]]]}},{"type":"Feature","id":"communes.D05093","properties":{"fid":"communes.D05093","commune":"Doufelgou 3"},"geometry":{"type":"Polygon","coordinates":[[[1.03895417,9.65653021],[1.02876649,9.64980264],[1.00657826,9.64939419],[0.98178465,9.6363635],[0.9583443,9.64646158],[0.94668719,9.64156889],[0.93080621,9.64816028],[0.92326471,9.64464214],[0.91699287,9.66140086],[0.90380536,9.66050658],[0.90117011,9.67360904],[0.87395096,9.68153479],[0.87623984,9.69923465],[0.86294895,9.72755829],[0.87228396,9.73929701],[0.8598271,9.75352478],[0.85424598,9.77288674],[0.86202402,9.77991316],[0.85868525,9.79298957],[0.86660223,9.81486724],[0.84030837,9.82580496],[0.83610845,9.83297639],[0.84111863,9.84385753],[0.83692251,9.84700056],[0.84767129,9.84849037],[0.85007084,9.86433676],[0.84337922,9.8795384],[0.8815141,9.89010328],[0.88515892,9.87491006],[0.89898567,9.86545025],[0.9362153,9.86129462],[0.94263877,9.86644212],[0.96001085,9.86352995],[0.98645735,9.88445729],[1.00580292,9.87015701],[1.00844371,9.86010443],[1.04301042,9.85277035],[1.02408033,9.80937972],[1.04018843,9.78403622],[1.0570183,9.78540047],[1.05792087,9.75718996],[1.02684577,9.72008674],[1.03895417,9.65653021]]]}},{"type":"Feature","id":"communes.D05094","properties":{"fid":"communes.D05094","commune":"Doufelgou 2"},"geometry":{"type":"Polygon","coordinates":[[[1.04301042,9.85277035],[1.06062491,9.8682218],[1.09583135,9.93217846],[1.10825684,9.98252864],[1.10578162,9.99918969],[1.12436667,9.98869551],[1.13113084,9.99108958],[1.13425092,10.00229126],[1.14986683,10.00453108],[1.15601353,9.97964436],[1.17821996,10.00341969],[1.18827064,9.99885713],[1.1924238,10.00723565],[1.20374036,9.99172322],[1.1708309,9.93260504],[1.20141951,9.90179132],[1.20317631,9.88235862],[1.17676587,9.8557998],[1.15985122,9.86428075],[1.14079046,9.85765969],[1.11780273,9.83757572],[1.07927304,9.83190023],[1.0570183,9.78540047],[1.04018843,9.78403622],[1.02408033,9.80937972],[1.04301042,9.85277035]]]}},{"type":"Feature","id":"communes.D06094","properties":{"fid":"communes.D06094","commune":"K\u00e9ran 1"},"geometry":{"type":"Polygon","coordinates":[[[1.04170381,10.10605564],[1.06043749,10.07272624],[1.07384235,10.06987947],[1.07753607,10.06027658],[1.13296849,10.02001423],[1.13736545,10.00416511],[1.12436667,9.98869551],[1.10578162,9.99918969],[1.10825684,9.98252864],[1.09583135,9.93217846],[1.05730439,9.86323511],[1.03416584,9.85172027],[1.00844371,9.86010443],[1.00580292,9.87015701],[0.98645735,9.88445729],[1.00418974,9.92137955],[0.9586982,9.93488096],[0.95333066,9.95278805],[0.92258017,9.96453665],[0.87466007,10.00583636],[0.81779309,10.0126942],[0.81248048,10.06681481],[0.74836358,10.13364971],[0.74521033,10.15602193],[0.73829903,10.16378705],[0.74971182,10.16213123],[0.7596636,10.17819297],[0.78301657,10.17059667],[0.78857031,10.18181298],[0.80152894,10.1738013],[0.81007845,10.15777411],[0.84475832,10.17170202],[0.84796718,10.18131602],[0.85864899,10.18460367],[0.87760622,10.23172998],[0.92133909,10.27623308],[0.99551714,10.22210688],[0.97183756,10.19353817],[0.96118777,10.15955726],[1.00624109,10.13864791],[1.03710558,10.1320848],[1.04170381,10.10605564]]]}},{"type":"Feature","id":"communes.E01102","properties":{"fid":"communes.E01102","commune":"Cinkass\u00e9 2"},"geometry":{"type":"Polygon","coordinates":[[[0.18926704,11.03917336],[0.20700969,11.03711515],[0.21468611,11.02087943],[0.2077114,11.01115402],[0.20978291,10.99685696],[0.1729136,10.97979422],[0.14625063,10.99317839],[0.13526257,10.97979869],[0.12006922,11.00064368],[0.10251723,10.99873034],[0.08606115,11.00860623],[0.03035928,11.00055456],[0.01952278,11.06298676],[0.05174302,11.06011501],[0.06191252,11.05154256],[0.09644328,11.0939382],[0.17813274,11.07679203],[0.17493434,11.05292196],[0.18926704,11.03917336]]]}},{"type":"Feature","id":"communes.D06095","properties":{"fid":"communes.D06095","commune":"K\u00e9ran 2"},"geometry":{"type":"Polygon","coordinates":[[[0.81779309,10.0126942],[0.87466007,10.00583636],[0.92258017,9.96453665],[0.95333066,9.95278805],[0.9586982,9.93488096],[1.00418974,9.92137955],[0.98322637,9.8804238],[0.96001085,9.86352995],[0.94263877,9.86644212],[0.9362153,9.86129462],[0.89898567,9.86545025],[0.88515892,9.87491006],[0.8815141,9.89010328],[0.8685917,9.89016474],[0.8566826,9.87972901],[0.8387844,9.89214074],[0.82764845,9.88317178],[0.81028687,9.88224561],[0.79361893,9.90011177],[0.77235288,9.89709822],[0.77493929,9.88281963],[0.76126483,9.87337543],[0.76112113,9.85988612],[0.74851523,9.86294617],[0.74808415,9.84615628],[0.70698205,9.86108906],[0.70120068,9.85689987],[0.68104145,9.86111212],[0.67624862,9.87092024],[0.68141224,9.89653476],[0.67429919,9.89973148],[0.66184772,9.88947197],[0.65720112,9.95451331],[0.67574408,9.98079565],[0.69613883,9.98922515],[0.69618739,10.02480315],[0.68476047,10.02858742],[0.69014898,10.07131163],[0.7387156,10.14623687],[0.74236297,10.14869808],[0.77518063,10.1014164],[0.81248048,10.06681481],[0.81779309,10.0126942]]]}},{"type":"Feature","id":"communes.D06096","properties":{"fid":"communes.D06096","commune":"K\u00e9ran 3"},"geometry":{"type":"Polygon","coordinates":[[[1.28277228,10.04135619],[1.26316702,10.02623868],[1.25088153,10.03466124],[1.22800938,10.03275589],[1.2267634,10.04063668],[1.21895546,10.04171512],[1.20240663,10.00973602],[1.1924238,10.00723565],[1.18827064,9.99885713],[1.17821996,10.00341969],[1.15468452,9.97997618],[1.15194343,10.00328674],[1.13668807,10.0025388],[1.13296849,10.02001423],[1.07753607,10.06027658],[1.07384235,10.06987947],[1.06043749,10.07272624],[1.04170381,10.10605564],[1.03710558,10.1320848],[1.00624109,10.13864791],[0.96118777,10.15955726],[0.97183756,10.19353817],[0.99570896,10.22196688],[1.08940975,10.15112356],[1.28277228,10.04135619]]]}},{"type":"Feature","id":"communes.D07097","properties":{"fid":"communes.D07097","commune":"Kozah 1"},"geometry":{"type":"Polygon","coordinates":[[[1.25767228,9.55468519],[1.2543601,9.53429195],[1.22714423,9.49289599],[1.20871554,9.49191387],[1.11437829,9.51798924],[1.11477461,9.5398634],[1.13362572,9.57633989],[1.1567829,9.57492625],[1.19344425,9.60122129],[1.20268309,9.60015866],[1.2263303,9.61378055],[1.22000831,9.62908487],[1.18808797,9.65719951],[1.21112082,9.68719658],[1.22486751,9.68762698],[1.2481007,9.705621],[1.26127062,9.6927955],[1.28781428,9.68485959],[1.2965227,9.67370648],[1.28839264,9.64649104],[1.29491668,9.61909386],[1.27441079,9.59882153],[1.27390368,9.58521821],[1.25767228,9.55468519]]]}},{"type":"Feature","id":"communes.D07098","properties":{"fid":"communes.D07098","commune":"Kozah 2"},"geometry":{"type":"Polygon","coordinates":[[[1.1567829,9.57492625],[1.13474288,9.57549195],[1.09180408,9.60738243],[1.046531,9.60217447],[1.04080187,9.59547824],[1.00995831,9.59783955],[1.00099297,9.60592877],[0.98965184,9.60394791],[0.9672107,9.61340825],[0.94705108,9.63255446],[0.93128134,9.62242697],[0.91717696,9.64277122],[0.92017059,9.64738979],[0.94668719,9.64156889],[0.9583443,9.64646158],[0.98178465,9.6363635],[1.00657826,9.64939419],[1.03162945,9.65092594],[1.05514867,9.66821107],[1.06381836,9.6583273],[1.07240635,9.66641404],[1.07821347,9.65987927],[1.08696501,9.66118623],[1.12324013,9.6945681],[1.14475224,9.69436861],[1.14998438,9.71346592],[1.16829048,9.73141088],[1.17262662,9.74413186],[1.19159821,9.75638705],[1.22671847,9.71370188],[1.2481007,9.705621],[1.22486751,9.68762698],[1.21112082,9.68719658],[1.18808797,9.65719951],[1.22000831,9.62908487],[1.2263303,9.61378055],[1.20268309,9.60015866],[1.19344425,9.60122129],[1.1567829,9.57492625]]]}},{"type":"Feature","id":"communes.E02103","properties":{"fid":"communes.E02103","commune":"Kpendjal 1"},"geometry":{"type":"Polygon","coordinates":[[[0.87378021,10.80503577],[0.80657931,10.72922546],[0.77357496,10.73208619],[0.69091105,10.72382023],[0.69342371,10.75669372],[0.71504327,10.76113589],[0.74407223,10.74944151],[0.74806251,10.75260388],[0.73887642,10.76632395],[0.74199691,10.77282235],[0.76322414,10.78780784],[0.77598007,10.77703716],[0.79004774,10.78904505],[0.77646955,10.79667694],[0.76628761,10.8306534],[0.72526013,10.83515785],[0.71282549,10.83088806],[0.68773139,10.85179812],[0.58211466,10.87354414],[0.56576949,10.88828855],[0.58880515,10.90696462],[0.56831034,10.93718865],[0.56563839,10.9603209],[0.66407557,10.99994232],[0.91380548,10.99988841],[0.88801239,10.91111978],[0.89959714,10.88521198],[0.88080125,10.85418995],[0.87378021,10.80503577]]]}},{"type":"Feature","id":"communes.E02104","properties":{"fid":"communes.E02104","commune":"Kpendjal 2"},"geometry":{"type":"Polygon","coordinates":[[[0.68773139,10.85179812],[0.71282549,10.83088806],[0.72526013,10.83515785],[0.76628761,10.8306534],[0.77646955,10.79667694],[0.79004774,10.78904505],[0.77598007,10.77703716],[0.76322414,10.78780784],[0.74199691,10.77282235],[0.73887642,10.76632395],[0.74806251,10.75260388],[0.74407223,10.74944151],[0.71504327,10.76113589],[0.69342371,10.75669372],[0.69091105,10.72382023],[0.64063099,10.71564357],[0.55694843,10.68477037],[0.51994158,10.69390893],[0.53626122,10.73652575],[0.5352357,10.78339916],[0.51852402,10.84997333],[0.56576949,10.88828855],[0.58211466,10.87354414],[0.68773139,10.85179812]]]}},{"type":"Feature","id":"communes.E03105","properties":{"fid":"communes.E03105","commune":"Kpendjal-Ouest 1"},"geometry":{"type":"Polygon","coordinates":[[[0.34129721,10.83521848],[0.36070053,10.83511749],[0.39207627,10.82157621],[0.40390171,10.83134982],[0.45039699,10.83572137],[0.48888905,10.85822606],[0.51161094,10.85547249],[0.51852402,10.84997333],[0.5352357,10.78339916],[0.53626122,10.73652575],[0.51994158,10.69390893],[0.49062785,10.70073697],[0.42761269,10.68882643],[0.38174792,10.69085395],[0.35693827,10.70073637],[0.34079584,10.69216189],[0.33056874,10.69554398],[0.32360348,10.70379879],[0.32451534,10.71842307],[0.35031208,10.75746657],[0.35007981,10.78214855],[0.34267932,10.78396521],[0.31685395,10.76355353],[0.30777675,10.77749848],[0.32503805,10.81920967],[0.34129721,10.83521848]]]}},{"type":"Feature","id":"communes.D07099","properties":{"fid":"communes.D07099","commune":"Kozah 3"},"geometry":{"type":"Polygon","coordinates":[[[1.22912375,9.44040346],[1.20937451,9.43605648],[1.17569713,9.40220719],[1.15774286,9.3973092],[1.13887169,9.47676836],[1.15706696,9.48592115],[1.16679031,9.5023767],[1.22714423,9.49289599],[1.2543601,9.53429195],[1.26407874,9.52458587],[1.27177849,9.53185369],[1.27793475,9.52071652],[1.28936549,9.52546711],[1.31309321,9.5179449],[1.32620293,9.4936614],[1.34024917,9.4858565],[1.34447459,9.4892794],[1.36202197,9.48236094],[1.36856983,9.49242397],[1.37819116,9.4893588],[1.38712247,9.49919727],[1.40009507,9.42405866],[1.37030462,9.43965523],[1.36423732,9.46068103],[1.33134859,9.46218533],[1.30977069,9.44217817],[1.27658217,9.43606191],[1.22912375,9.44040346]]]}},{"type":"Feature","id":"communes.D07100","properties":{"fid":"communes.D07100","commune":"Kozah 4"},"geometry":{"type":"Polygon","coordinates":[[[1.16679031,9.5023767],[1.15706696,9.48592115],[1.13887169,9.47676836],[1.15774286,9.3973092],[1.10094977,9.37527853],[1.08562201,9.37536482],[1.03142847,9.42162642],[0.96896967,9.43150361],[0.97325026,9.46242952],[0.98692458,9.47785832],[0.9845194,9.52141441],[0.99343683,9.53546071],[0.9913089,9.55028331],[1.0115022,9.59763836],[1.04080187,9.59547824],[1.046531,9.60217447],[1.09180408,9.60738243],[1.13362572,9.57633989],[1.11477461,9.5398634],[1.11437829,9.51798924],[1.16679031,9.5023767]]]}},{"type":"Feature","id":"communes.E01101","properties":{"fid":"communes.E01101","commune":"Cinkass\u00e9 1"},"geometry":{"type":"Polygon","coordinates":[[[-0.13564567,11.13769218],[0.0964359,11.09392382],[0.06191252,11.05154256],[0.05174302,11.06011501],[0.01952278,11.06298676],[-0.00035888,11.07880817],[0.00133594,11.09180716],[-0.01505835,11.10946175],[-0.03825182,11.1057972],[-0.05432101,11.08553261],[-0.08107746,11.08376383],[-0.09729374,11.08650382],[-0.12567563,11.10506259],[-0.14252074,11.10479905],[-0.14430332,11.11801322],[-0.13520956,11.12822791],[-0.13564567,11.13769218]]]}},{"type":"Feature","id":"communes.E03106","properties":{"fid":"communes.E03106","commune":"Kpendjal-Ouest 2"},"geometry":{"type":"Polygon","coordinates":[[[0.36772943,10.88494309],[0.40276637,10.91680761],[0.40384841,10.95144152],[0.41448545,10.96847527],[0.41196346,10.98955744],[0.42415565,11.02502189],[0.50383186,11.00833233],[0.49718187,10.98862015],[0.50777448,10.9905679],[0.51690667,10.97121814],[0.50100307,10.93428354],[0.56563839,10.9603209],[0.56831034,10.93718865],[0.58880515,10.90696462],[0.51852402,10.84997333],[0.48888905,10.85822606],[0.45039699,10.83572137],[0.42794969,10.83065861],[0.40390171,10.83134982],[0.37876501,10.85550244],[0.36716199,10.87378419],[0.36772943,10.88494309]]]}},{"type":"Feature","id":"communes.E04109","properties":{"fid":"communes.E04109","commune":"Oti 1"},"geometry":{"type":"Polygon","coordinates":[[[0.35259363,10.10749245],[0.36246,10.14122706],[0.35066338,10.18766355],[0.36163936,10.26225828],[0.38174109,10.27294425],[0.36967765,10.28501799],[0.3976605,10.30771174],[0.38941825,10.31540122],[0.31889775,10.30808078],[0.32298505,10.31976752],[0.33801728,10.32528004],[0.3333443,10.33683226],[0.31530593,10.33774728],[0.31404868,10.35968976],[0.30710641,10.37042777],[0.40549622,10.38111705],[0.44124365,10.41852603],[0.5612839,10.42874059],[0.58651837,10.31372671],[0.55851133,10.26586215],[0.45977636,10.20677717],[0.42627842,10.19465651],[0.40749357,10.14531096],[0.35259363,10.10749245]]]}},{"type":"Feature","id":"communes.E04110","properties":{"fid":"communes.E04110","commune":"Oti 2"},"geometry":{"type":"Polygon","coordinates":[[[0.60016227,10.55600122],[0.53483538,10.46316328],[0.5612839,10.42874059],[0.44124365,10.41852603],[0.40549622,10.38111705],[0.30250734,10.36916309],[0.2898474,10.3766716],[0.3005673,10.39213141],[0.30001044,10.40242855],[0.28491358,10.42184436],[0.27267066,10.42070069],[0.26893525,10.41025686],[0.25918883,10.4073989],[0.24362746,10.41582657],[0.23410372,10.41335725],[0.21719984,10.42881921],[0.21578795,10.5117447],[0.1999545,10.50281052],[0.19165336,10.5066232],[0.20853281,10.51413528],[0.22293502,10.54449426],[0.21502863,10.55025385],[0.19305671,10.5456621],[0.1875435,10.54960137],[0.21619411,10.5667385],[0.2413183,10.59224802],[0.25831481,10.58728305],[0.29874259,10.59830212],[0.34131485,10.62453369],[0.35237727,10.66457215],[0.34061307,10.68833355],[0.34575609,10.69910337],[0.42761269,10.68882643],[0.49062785,10.70073697],[0.55310873,10.68433829],[0.5795319,10.69353009],[0.57964904,10.6655559],[0.59637411,10.62886381],[0.60016227,10.55600122]]]}},{"type":"Feature","id":"communes.E07116","properties":{"fid":"communes.E07116","commune":"T\u00f4ne 4"},"geometry":{"type":"Polygon","coordinates":[[[0.3295762,10.82469666],[0.29946018,10.83535379],[0.27537894,10.82207163],[0.29140397,10.86840983],[0.27214727,10.86925883],[0.2724141,10.90541985],[0.25418461,10.92285729],[0.26426945,10.92824994],[0.26390092,10.93999258],[0.27198451,10.94834972],[0.23911122,10.94896409],[0.24452247,10.97652118],[0.28772279,10.9499169],[0.29920901,10.99001856],[0.27869483,10.99053308],[0.27366927,11.00090241],[0.2851693,11.00755646],[0.25867393,11.02179119],[0.2565865,11.02825694],[0.30047234,11.05114354],[0.42419084,11.02512179],[0.41196346,10.98955744],[0.41448545,10.96847527],[0.40384841,10.95144152],[0.40276637,10.91680761],[0.36772943,10.88494309],[0.36716199,10.87378419],[0.40345894,10.82832616],[0.39207627,10.82157621],[0.36070053,10.83511749],[0.34129721,10.83521848],[0.3295762,10.82469666]]]}},{"type":"Feature","id":"communes.A05020","properties":{"fid":"communes.A05020","commune":"Lacs 3"},"geometry":{"type":"Polygon","coordinates":[[[1.45084007,6.22475477],[1.51851422,6.22928802],[1.56158174,6.24147471],[1.56714716,6.22114432],[1.38091289,6.17910633],[1.37949251,6.19353861],[1.39286511,6.23598348],[1.39136427,6.27354698],[1.45084007,6.22475477]]]}},{"type":"Feature","id":"communes.E05107","properties":{"fid":"communes.E05107","commune":"Oti-Sud 1"},"geometry":{"type":"Polygon","coordinates":[[[0.7765674,10.38182472],[0.92134108,10.27623505],[0.87760622,10.23172998],[0.85864899,10.18460367],[0.84796718,10.18131602],[0.84475832,10.17170202],[0.82235239,10.16313777],[0.80713598,10.18405174],[0.78213147,10.20320478],[0.74971368,10.20645704],[0.71484403,10.22456032],[0.67849981,10.20473554],[0.63444694,10.22475193],[0.59025488,10.21053273],[0.53498419,10.22163757],[0.53203518,10.25002283],[0.55851133,10.26586215],[0.58651837,10.31372671],[0.5612839,10.42874059],[0.53483538,10.46316328],[0.60016227,10.55600122],[0.59637411,10.62886381],[0.57964904,10.6655559],[0.5795319,10.69353009],[0.66937436,10.72135985],[0.77357496,10.73208619],[0.80657597,10.72920917],[0.79731681,10.67713309],[0.80881788,10.57978092],[0.7839042,10.52647341],[0.7765674,10.38182472]]]}},{"type":"Feature","id":"communes.B07049","properties":{"fid":"communes.B07049","commune":"Haho 3"},"geometry":{"type":"Polygon","coordinates":[[[1.31864458,7.1103235],[1.32370704,7.04317792],[1.26180051,7.02708372],[1.21778475,6.99669188],[1.19529037,6.96281836],[1.10737105,6.97715427],[1.06986782,6.97737884],[1.0468868,6.99212562],[0.98612836,7.00058235],[0.98473249,7.01681972],[0.9674089,7.03234331],[0.96785516,7.04639951],[0.96046524,7.05623991],[0.96366219,7.07443531],[1.00475325,7.10457676],[1.00593398,7.11699515],[1.02232317,7.13872869],[1.05560525,7.16159309],[1.06231358,7.15068947],[1.08364146,7.14767793],[1.10355335,7.13105974],[1.11103903,7.1139924],[1.12863036,7.1051593],[1.27213074,7.12252607],[1.31864458,7.1103235]]]}},{"type":"Feature","id":"communes.A04013","properties":{"fid":"communes.A04013","commune":"Golfe 3"},"geometry":{"type":"Polygon","coordinates":[[[1.24274328,6.20641462],[1.23187205,6.14964337],[1.22212217,6.13691303],[1.21838032,6.14947483],[1.20129033,6.14934579],[1.20192971,6.15934217],[1.20742081,6.16030097],[1.20360783,6.18658795],[1.20924156,6.20464777],[1.24274328,6.20641462]]]}},{"type":"Feature","id":"communes.A04012","properties":{"fid":"communes.A04012","commune":"Golfe 2"},"geometry":{"type":"Polygon","coordinates":[[[1.23438414,6.17933646],[1.2477964,6.20964592],[1.27353725,6.19033844],[1.24860317,6.1552173],[1.23663718,6.1484634],[1.23187205,6.14964337],[1.23438414,6.17933646]]]}},{"type":"Feature","id":"communes.E05108","properties":{"fid":"communes.E05108","commune":"Oti-Sud 2"},"geometry":{"type":"Polygon","coordinates":[[[0.67124683,9.97332243],[0.65720112,9.95451331],[0.66184772,9.88947197],[0.65262376,9.88850694],[0.64506897,9.90184232],[0.62592723,9.89391095],[0.62153492,9.88509382],[0.60602997,9.89474443],[0.56642774,9.88733183],[0.55596599,9.89160579],[0.53770088,9.917303],[0.51574391,9.92292567],[0.53640869,9.95275286],[0.48658647,9.9578708],[0.46913352,9.95112359],[0.45251848,9.95762548],[0.45337156,9.9690974],[0.43030316,9.96947953],[0.43306311,9.9975915],[0.42632167,10.0101345],[0.4324167,10.01271689],[0.42705624,10.02789284],[0.41172766,10.02481747],[0.41649697,10.06130562],[0.395085,10.08110874],[0.3569243,10.09037126],[0.35260019,10.10749621],[0.40749357,10.14531096],[0.42627842,10.19465651],[0.45977636,10.20677717],[0.53203518,10.25002283],[0.53498419,10.22163757],[0.59025488,10.21053273],[0.63444694,10.22475193],[0.67849981,10.20473554],[0.71484403,10.22456032],[0.74971368,10.20645704],[0.7802717,10.20409879],[0.80713598,10.18405174],[0.82235239,10.16313777],[0.81773033,10.15814387],[0.80538871,10.15999268],[0.80375038,10.17121297],[0.79276634,10.18205947],[0.78307823,10.17959438],[0.78301657,10.17059667],[0.7596636,10.17819297],[0.74971182,10.16213123],[0.73829903,10.16378705],[0.74558049,10.1520777],[0.69014898,10.07131163],[0.68476047,10.02858742],[0.69618739,10.02480315],[0.69613883,9.98922515],[0.67124683,9.97332243]]]}},{"type":"Feature","id":"communes.E06111","properties":{"fid":"communes.E06111","commune":"Tandjoar\u00e9 1"},"geometry":{"type":"Polygon","coordinates":[[[0.20853281,10.51413528],[0.19272727,10.50213309],[0.21578795,10.5117447],[0.21488817,10.45058176],[0.22021353,10.42547347],[0.21082474,10.42160347],[0.21196825,10.41642294],[0.20556739,10.41820855],[0.20982918,10.40532259],[0.19432383,10.40265193],[0.1874744,10.40974993],[0.19049148,10.41792329],[0.16901025,10.43054272],[0.16643534,10.44120696],[0.1718787,10.45104041],[0.15514067,10.46193981],[0.15877551,10.47365084],[0.14313877,10.52552691],[0.11189023,10.54138689],[0.1152438,10.55530285],[0.14874906,10.56701993],[0.1696756,10.60747998],[0.15147397,10.60624581],[0.15446324,10.63263548],[0.13427801,10.65223811],[0.13899759,10.67211085],[0.15684532,10.67525503],[0.14169626,10.7062731],[0.15010687,10.71491607],[0.1467436,10.71890535],[0.17132173,10.7347611],[0.20688756,10.77300608],[0.21220565,10.75007437],[0.22402893,10.73884242],[0.23277617,10.73900131],[0.22466342,10.72515859],[0.24061865,10.71698594],[0.23628941,10.6980508],[0.25715898,10.68143767],[0.27296691,10.67784476],[0.28784793,10.69744938],[0.31653408,10.68001051],[0.33077322,10.66359181],[0.3299448,10.64604273],[0.34341171,10.62802392],[0.31232223,10.60303885],[0.25831481,10.58728305],[0.2413183,10.59224802],[0.21619411,10.5667385],[0.19041474,10.55208124],[0.18798195,10.54684416],[0.21502863,10.55025385],[0.22293502,10.54449426],[0.20853281,10.51413528]]]}},{"type":"Feature","id":"communes.E06112","properties":{"fid":"communes.E06112","commune":"Tandjoar\u00e9 2"},"geometry":{"type":"Polygon","coordinates":[[[0.05457042,10.58473016],[0.04611087,10.5919455],[0.00366642,10.60056114],[-0.00273178,10.61452456],[-0.01432475,10.62005298],[-0.05899283,10.63133636],[-0.08999878,10.71304458],[-0.07277815,10.72009671],[-0.07200264,10.76236518],[-0.02661702,10.78266003],[0.01942905,10.77665698],[0.03116801,10.75822427],[0.04915426,10.75480035],[0.06199688,10.76405358],[0.0675139,10.80343431],[0.08367512,10.81088117],[0.09875723,10.80133932],[0.14290525,10.79598728],[0.16585624,10.77890031],[0.20688208,10.77302973],[0.17132173,10.7347611],[0.1467436,10.71890535],[0.15010687,10.71491607],[0.14169626,10.7062731],[0.15684532,10.67525503],[0.13899759,10.67211085],[0.13427801,10.65223811],[0.15446324,10.63263548],[0.15147397,10.60624581],[0.1696756,10.60747998],[0.14874906,10.56701993],[0.1152438,10.55530285],[0.11198858,10.5408685],[0.06082578,10.55658334],[0.05457042,10.58473016]]]}},{"type":"Feature","id":"communes.E07113","properties":{"fid":"communes.E07113","commune":"T\u00f4ne 1"},"geometry":{"type":"Polygon","coordinates":[[[0.25715898,10.68143767],[0.23628941,10.6980508],[0.24061865,10.71698594],[0.22466342,10.72515859],[0.23277617,10.73900131],[0.22402893,10.73884242],[0.21220565,10.75007437],[0.20688208,10.77302973],[0.16311376,10.77978069],[0.13739924,10.79783004],[0.16345309,10.81746741],[0.16369379,10.85642499],[0.16257552,10.86219788],[0.15392843,10.86329459],[0.15480365,10.88584078],[0.1740603,10.93075762],[0.16243009,10.98428472],[0.1729136,10.97979422],[0.20978291,10.99685696],[0.2077114,11.01115402],[0.21468611,11.02087943],[0.20700969,11.03711515],[0.18926704,11.03917336],[0.17493434,11.05292196],[0.17813037,11.07680781],[0.30047234,11.05114354],[0.2565865,11.02825694],[0.25867393,11.02179119],[0.2851693,11.00755646],[0.27366927,11.00090241],[0.27869483,10.99053308],[0.29920901,10.99001856],[0.28772279,10.9499169],[0.24452247,10.97652118],[0.23911122,10.94896409],[0.27198451,10.94834972],[0.26390092,10.93999258],[0.26426945,10.92824994],[0.25418461,10.92285729],[0.2724141,10.90541985],[0.27214727,10.86925883],[0.29140397,10.86840983],[0.27537894,10.82207163],[0.29946018,10.83535379],[0.31757175,10.83596429],[0.3295762,10.82469666],[0.30829877,10.77034094],[0.31685395,10.76355353],[0.34267932,10.78396521],[0.35007981,10.78214855],[0.35031208,10.75746657],[0.32596358,10.72201217],[0.32317438,10.70637009],[0.34079584,10.69216189],[0.35155749,10.66808682],[0.34341171,10.62802392],[0.3299448,10.64604273],[0.33077322,10.66359181],[0.31653408,10.68001051],[0.28784793,10.69744938],[0.27296691,10.67784476],[0.25715898,10.68143767]]]}},{"type":"Feature","id":"communes.E07114","properties":{"fid":"communes.E07114","commune":"T\u00f4ne 2"},"geometry":{"type":"Polygon","coordinates":[[[0.11422133,10.90345516],[0.0709388,10.87306646],[0.02206517,10.88140778],[0.02008181,10.88729621],[0.0449523,10.902757],[0.04768947,10.9128467],[0.02532794,10.90987652],[0.01565912,10.91934477],[-0.00855057,10.91517189],[-0.01185972,10.94432271],[-0.00295316,10.96326099],[0.03299826,10.97505723],[0.03020419,11.00065971],[0.08606115,11.00860623],[0.10251723,10.99873034],[0.12006922,11.00064368],[0.13526257,10.97979869],[0.14625063,10.99317839],[0.16243009,10.98428472],[0.1740603,10.93075762],[0.15480365,10.88584078],[0.15392843,10.86329459],[0.13639389,10.86280624],[0.11422133,10.90345516]]]}},{"type":"Feature","id":"communes.E07115","properties":{"fid":"communes.E07115","commune":"T\u00f4ne 3"},"geometry":{"type":"Polygon","coordinates":[[[0.01942905,10.77665698],[-0.02661702,10.78266003],[-0.05734824,10.76636299],[-0.07068678,10.76324464],[-0.07330898,10.76925439],[-0.02216582,10.81895114],[-0.02983671,10.8544086],[-0.02552394,10.8811549],[-0.00787208,10.91501766],[0.01565912,10.91934477],[0.02532794,10.90987652],[0.04768947,10.9128467],[0.0449523,10.902757],[0.02659606,10.89441866],[0.02067379,10.8837974],[0.05775846,10.87414204],[0.0709388,10.87306646],[0.11422133,10.90345516],[0.13639389,10.86280624],[0.16257552,10.86219788],[0.16345309,10.81746741],[0.13739924,10.79783004],[0.09875723,10.80133932],[0.08878783,10.81032268],[0.07336984,10.80856749],[0.06271612,10.78896179],[0.06199688,10.76405358],[0.04915426,10.75480035],[0.03350324,10.75683487],[0.01942905,10.77665698]]]}},{"type":"Feature","id":"communes.A04011","properties":{"fid":"communes.A04011","commune":"Golfe 1"},"geometry":{"type":"Polygon","coordinates":[[[1.30409785,6.15754051],[1.29041249,6.14585536],[1.29026635,6.13745673],[1.29003603,6.14484609],[1.28010094,6.14058618],[1.29200406,6.13393205],[1.23825051,6.1258034],[1.23091937,6.13581299],[1.27353725,6.19033844],[1.24471089,6.21096789],[1.23553594,6.20618031],[1.25768087,6.25730769],[1.28136775,6.23858643],[1.28634664,6.21733557],[1.30487217,6.20180495],[1.2946579,6.19479133],[1.30409785,6.15754051]]]}}]}